affiliation_id,is_france,failed
60000905,True,
60001422,True,
60102126,True,
60031581,False,
60107779,False,
60108665,True,
60031011,True,
60072688,False,
60068952,True,
60123660,True,
60105769,True,
60106276,True,
60019996,True,
60123796,True,
60104653,True,
60021525,True,
60001576,False,
131451517,True,
60108531,True,
60106017,True,
60103368,True,
60024025,False,
60000145,False,
60210174,True,
60103239,True,
60122672,True,
60004833,True,
60105545,True,
60010247,True,
60210087,True,
60210253,True,
60107177,True,
121645756,True,
60102127,True,
60018601,True,
60018139,True,
60120544,True,
60072294,False,
60006475,False,
60004158,True,
60106891,True,
60025735,True,
60003335,True,
130919836,True,
60111633,False,
113760467,True,
60031810,True,
60138763,True,
60108488,True,
60021944,False,
60091504,False,
106761737,True,
60280862,False,
60032006,True,
60011447,True,
60010297,True,
60032922,True,
60023578,True,
60000485,True,
60004603,True,
60106137,True,
60022039,True,
60030553,True,
60103933,False,
60110453,False,
120502369,True,
100753424,True,
60000958,False,
121995148,True,
109959554,True,
60117841,False,
60025272,False,
60070321,False,
60031335,False,
60159370,True,
60010715,True,
60001780,True,
60210263,True,
60029689,True,
60016605,False,
60027245,True,
60015622,True,
60120341,True,
60139055,True,
114207075,True,
60029937,True,
60023773,False,
125139461,True,
60138276,True,
60003003,False,
60108202,True,
60015023,False,
60008905,True,
60021073,True,
60104665,True,
60106075,True,
60138752,True,
60030964,True,
60027946,True,
60078566,False,
60009647,True,
123807849,True,
60030657,True,
60091684,False,
122961244,False,
60008134,True,
60111652,True,
60102125,True,
60001881,False,
60024610,True,
60009364,True,
60007816,True,
60106218,True,
60031135,False,
60115431,False,
60014309,True,
60104923,True,
60004981,True,
60105589,True,
60012519,False,
60000179,True,
60106129,True,
60020304,False,
60024960,True,
60022498,False,
60112430,True,
60019983,False,
60014304,False,
60005667,True,
60017281,True,
60210189,True,
60105669,True,
60020623,False,
60108138,False,
60070644,False,
60198716,True,
60012355,True,
60083821,True,
60032653,True,
60002810,True,
114311471,True,
60029873,True,
60032215,True,
60031062,True,
60004718,False,
60073345,True,
60104363,True,
60000874,False,
60158037,True,
60118095,True,
60027386,True,
60108294,True,
60069303,False,
60108308,True,
60011520,False,
60026051,False,
60112049,True,
60021564,True,
60000964,False,
60030236,True,
60068946,True,
60206650,True,
60005896,False,
60031773,True,
60101350,True,
60032619,False,
60079127,False,
60021199,False,
60017186,True,
60027679,True,
60085092,True,
60119214,True,
60024132,False,
60013425,True,
60007562,False,
60271173,True,
60011024,True,
60018868,True,
112867101,True,
60029457,False,
60121963,True,
60210122,True,
60000765,False,
60013373,True,
114282988,True,
60112026,True,
60024199,True,
60042547,False,
127648130,True,
60112090,True,
60027381,True,
60022175,False,
60005899,True,
60106808,True,
60100533,False,
60017161,False,
112611315,True,
60000292,True,
60009848,True,
130390744,False,
60086201,False,
60060060,False,
60029616,False,
60103052,True,
113137002,True,
60159336,True,
60072962,True,
60210190,True,
60009445,True,
60105548,True,
101650627,True,
60000999,True,
113679382,True,
60016097,True,
112575339,True,
118206987,False,
126395312,True,
60023736,True,
60107838,True,
60020124,True,
60028048,True,
60106859,True,
124469706,True,
60010758,False,
60029170,False,
60031218,True,
60106031,True,
100715809,False,
115216751,True,
60104289,True,
60105092,True,
60072777,False,
60138535,True,
60018038,False,
60106247,True,
60015368,True,
60025238,True,
60017724,True,
60107834,True,
60110689,True,
60030857,True,
60134716,True,
60012357,True,
60108194,True,
60025066,True,
60019394,True,
60003362,True,
60105844,False,
60000239,False,
60025988,False,
60122683,True,
60106085,True,
60032350,False,
101589587,True,
60026314,True,
60011039,False,
60012570,True,
60026221,True,
60007671,True,
114243972,True,
60032144,False,
60004093,False,
60350143,True,
60000377,True,
60012587,True,
60021260,True,
60109424,True,
60030713,True,
60070475,True,
60069769,True,
60105477,True,
60016253,True,
60002900,True,
121573199,True,
60108331,True,
122244028,True,
60001754,False,
60003674,True,
60109171,True,
60123776,True,
60138746,True,
60021963,True,
60008800,True,
60108154,True,
60009885,False,
60028893,True,
60019904,True,
60258352,False,
128744018,True,
60020540,True,
60108532,True,
60020547,False,
124893695,True,
60007224,True,
60032640,True,
60108310,True,
60106100,True,
60269385,True,
60032785,True,
100898312,True,
60107062,True,
60210106,True,
60012537,True,
60017338,True,
60006736,True,
60110693,True,
60107039,True,
60004797,True,
60020606,True,
60028993,True,
60028218,False,
60108264,True,
60014039,False,
60104776,True,
122143593,True,
60014153,False,
60028229,False,
60112770,True,
131506849,True,
60106216,True,
60007136,True,
60109562,True,
60003729,True,
60122685,True,
118505484,True,
60108252,True,
60159358,True,
60070318,False,
60018178,True,
60017438,True,
60106086,True,
117963160,True,
100576539,True,
119945971,True,
112867654,True,
60004765,True,
60111782,True,
60010513,True,
60105784,True,
129536937,True,
60000937,False,
60001620,False,
60031625,True,
60279840,True,
60070928,False,
60001772,True,
60011439,True,
60108299,True,
60031500,True,
60015522,False,
112895096,True,
107033691,True,
60019839,True,
60021567,True,
60021374,True,
60123804,True,
112654938,True,
113756822,True,
60105638,True,
60108296,True,
60017354,True,
60123163,True,
60091646,False,
60032928,True,
60018464,True,
60101362,True,
60105597,True,
60005384,True,
122287133,True,
114014835,True,
60028629,False,
60028894,True,
60108306,True,
60030409,True,
60003434,True,
60193405,True,
60004636,False,
60007823,True,
60277275,False,
60108274,True,
60011371,False,
60209625,True,
60104274,True,
60029877,True,
60022689,False,
60107168,True,
60008055,True,
60027856,False,
60017954,False,
130559353,False,True
60009037,False,
60070473,True,
60014254,True,
60108501,True,
60116091,True,
60210104,True,
116494843,True,
119936336,True,
60019778,False,
60103671,True,
60106346,True,
60108253,True,
60209628,True,
60116488,True,
60105607,True,
60106183,True,
60016638,True,
60122763,True,
60107157,True,
60002272,True,
116370343,False,
60013183,False,
60009507,False,
126364366,True,
120392494,True,
100580553,False,
60210214,True,
124425335,True,
60105093,True,
60122760,True,
60073338,True,
60026113,True,
60013430,True,
60105623,True,
60030640,True,
60105741,True,
60008447,True,
60209342,True,
60138560,True,
60105599,True,
115961913,True,
60032530,True,
60005851,True,
125326857,True,
60097774,True,
60105621,True,
128910336,True,
60071359,False,
60019163,True,
60023970,True,
126802903,True,
60105587,True,
60001574,False,
60012772,True,
116061274,True,
60025397,True,
60010942,True,
60023712,True,
60028311,True,
60022785,True,
60123665,True,
60111169,True,
60031101,False,
60019417,True,
60005400,False,
60003858,False,
60012051,True,
60158106,True,
60026877,True,
60018491,False,
60022148,False,
60208831,True,
60004018,True,
60105539,True,
60001604,False,
60017689,True,
60122704,True,
60002636,False,
60013592,False,
60138792,True,
60105636,True,
101424165,True,
60030208,True,
60030318,False,
60055732,True,
60210184,True,
60105591,True,
60013046,True,
60029631,True,
127752724,True,
60139041,True,
60024144,True,
60110835,True,
60107797,True,
60073336,True,
60102124,True,
60068746,False,
60274778,True,
120214359,True,
130646947,True,
60022132,False,
60007853,True,
60009278,True,
60106119,True,
60007493,False,
60275033,True,
60010850,True,
60103630,False,
60112030,True,
60117278,True,
118247775,True,
60108313,True,
60030052,True,
60273362,False,
60001478,False,
60007512,False,
60110505,True,
131426146,True,
60108011,False,
60106351,True,
60033500,True,
60027331,True,
60008590,True,
133346760,False,True
60110715,True,
60108550,True,
60108497,True,
60083820,True,
60083827,True,
60029257,False,
60001970,True,
60022956,False,
60022927,False,
60108335,True,
60105793,True,
60106791,True,
60029741,True,
60026610,False,
60020966,True,
60116880,True,
60108250,True,
60028186,False,
60271369,True,
60105097,True,
60015028,True,
60138791,True,
60210099,True,
60027550,False,
60108987,True,
60004689,True,
60027863,False,
60105516,True,
60032633,True,
60106838,True,
60015481,False,
60110695,True,
60015339,True,
60159371,True,
60123629,True,
60009051,True,
60000130,False,
60001234,True,
60028952,True,
60110716,True,
60012464,False,
60011460,False,
60016300,False,
60032456,True,
60210154,True,
60019578,False,
60105611,True,
60028628,False,
60005952,True,
60105750,True,
60122684,True,
60130545,False,
60108285,True,
60110697,True,
113763917,True,
60021628,True,
60108314,True,
60012937,False,
60072948,True,
60106843,True,
60106847,True,
60033191,False,
60068825,False,
60107832,True,
60120535,True,
60032103,True,
60019762,True,
60105613,True,
120541422,True,
60108261,True,
60031394,True,
60021902,False,
60122453,True,
60108206,True,
60046714,True,
60072094,False,
60107873,True,
60139515,False,
60112046,True,
60106141,True,
60031206,True,
60108490,True,
60170371,True,
60122710,True,
108079205,True,
119614007,True,
60107823,True,
60009226,False,
113145865,True,
60071552,False,
60106344,True,
60002142,True,
117886848,True,
60106336,True,
60001565,False,
60007809,False,
122919608,False,
60007102,False,
60112042,True,
60002062,True,
60209908,True,
114376775,True,
60019617,True,
60083963,True,
60024266,False,
60022675,True,
60022381,False,
60069447,False,
60025310,False,
60210139,True,
60106044,True,
60018308,False,
60105683,False,
60032442,False,
60029311,False,
128913521,False,True
60209626,True,
60072110,False,
60033039,True,
60104569,False,
60102594,True,
60029306,False,
60084012,True,
60087822,False,
60020773,True,
60136860,False,
60017694,True,
60157961,True,
60104932,True,
60032356,False,
60028945,True,
60277237,True,
60170332,True,
60029621,True,
130179101,True,
112360817,True,
119665068,True,
60016829,False,
60007155,False,
60014997,True,
118531999,True,
107222715,True,
60112428,True,
60010051,True,
113721614,True,
60013858,True,
60024007,False,
60019722,False,
60109404,True,
60004572,False,
60109296,False,
60023588,False,
60032545,True,
60105586,True,
60108496,True,
60017969,True,
60141284,False,
60025063,False,
60016418,False,
60033317,False,
60007457,False,
60105987,True,
60107782,True,
60025758,True,
60033284,False,
60183202,True,
60138422,True,
60073348,True,
60005353,False,
60009512,False,
60276635,True,
60026004,False,
60007174,False,
100424834,True,
60008924,True,
106447397,True,
60069774,True,
60024614,True,
60210266,True,
60028555,True,
60013756,False,
60108494,True,
128392030,True,
60104668,True,
60028899,True,
60113955,True,
102002265,True,
60014541,True,
60011226,False,
60136250,True,
115033644,True,
60013805,False,
60108759,False,
60000625,True,
60107130,True,
60012226,True,
60015489,True,
60030506,True,
60117541,True,
60105579,True,
60105742,True,
114726155,True,
60068774,False,
60025149,True,
60212215,False,
60083599,True,
121541937,True,
60014596,False,
60107813,True,
60084322,True,
60018163,False,
60105988,True,
60099059,True,
60002714,False,
60030285,True,
60020658,True,
60274812,True,
60028442,False,
60111262,True,
60002483,False,
60004256,False,
60038962,True,
60088885,False,
112831281,False,
60028469,False,
60123677,True,
129434663,True,
60031184,True,
60027811,False,
60038812,False,
60251039,True,
108639939,True,
60105571,True,
60104781,False,
60002746,False,
60045588,True,
60209945,True,
60011289,True,
60024574,False,
60072944,True,
60000953,False,
60192954,False,
60032991,False,
60105104,True,
60116332,True,
60111233,True,
60006380,True,
60026040,True,
60011832,False,
60086620,False,
60009907,True,
60068577,False,
60123781,True,
60170197,True,
60108214,True,
60019702,False,
60123784,True,
60111239,True,
60122667,True,
60027814,True,
60016809,False,
114167594,False,
100333604,True,
60000990,False,
60030526,False,
60015759,True,
60011116,False,
60004684,False,
60015135,True,
60122728,True,
60026124,False,
60108258,True,
60085942,False,
60084316,True,
60095887,False,
128159591,False,
60106792,True,
120720202,False,
60028690,True,
60024899,True,
60021501,False,
60031031,False,
60008758,True,
60109780,False,
60023857,False,
60017355,True,
60019513,True,
60099870,True,
127768159,False,
60012345,False,
60105581,True,
60070322,False,
60050038,False,
60020680,False,
60026851,False,
110815342,True,
60046283,False,
60293501,True,
60107094,True,
100814761,True,
60210176,True,
60000195,True,
60107864,True,
60105533,True,
60107210,False,
60024876,False,
60015205,False,
60106569,True,
60001359,False,
60022517,True,
60105433,False,
60068543,True,
60017798,False,
60195520,False,
60012964,False,
60020023,False,
60012018,False,
60108500,True,
60111781,True,
60108304,True,
60009951,False,
117822764,True,
60105761,True,
60017848,True,
60267366,True,
113064718,True,
60031594,True,
60017563,False,
60027373,False,
60007745,True,
60010578,True,
60006384,False,
60105704,False,
116363734,True,
109598345,False,
119730259,True,
60031259,False,
125165169,True,
60031216,False,
60030981,True,
60011394,False,
60005247,False,
126944531,True,
60021363,True,
60108523,True,
60022422,False,
60020129,True,
60005830,True,
60107416,True,
60123671,True,
60105605,True,
60020306,False,
60264766,True,
112625710,True,
60105646,True,
60139069,False,
60018617,True,
60112047,True,
60095091,False,
60271558,True,
60105489,True,
60019533,False,
60005049,True,
60033122,True,
60113167,True,
60045778,False,
60112781,True,
60065719,True,
60072021,False,
60206637,True,
60106840,True,
133112255,False,True
60353493,True,
60138536,True,
60071343,False,
60121256,False,
60123697,True,
60143898,False,
112065875,True,
60104405,True,
60070314,False,
60068631,False,
60000960,True,
60114783,True,
60004773,True,
60105606,True,
60021493,True,
60006222,False,
60107808,True,
60107144,True,
60013366,False,
60033423,True,
60015201,True,
60105670,True,
60105984,True,
60019715,False,
60069455,False,
60108289,True,
60009891,True,
100746315,True,
60109410,True,
100343249,True,
60011675,True,
60024890,False,
60136209,True,
60122714,True,
60210150,True,
117159778,True,
60078009,False,
60001978,True,
60048669,True,
60008236,True,
60001340,False,
60101349,True,
60111134,False,
60020195,False,
60209212,True,
60079061,True,
60025525,False,
100543357,False,
60008310,True,
60070927,False,
60107071,True,
60000823,False,
100348052,True,
60109770,True,
118258256,True,
60020046,True,
115747587,True,
60022016,True,
60023504,True,
60108287,True,
60111570,False,
60068556,True,
60073613,False,
60122699,True,
119764333,True,
60000243,False,
100575109,True,
60027282,False,
60106296,True,
60007548,True,
60024324,False,
60017060,False,
112198552,True,
60018271,False,
60123695,True,
60021406,False,
60158029,True,
106415971,True,
60019987,False,
60068757,False,
60025070,True,
60031806,False,
60002494,False,
60027892,True,
122874809,True,
60108522,True,
60009466,False,
112105235,True,
60015150,False,
60070354,False,
60026651,True,
60030800,True,
60091164,False,
60108346,True,
60122709,True,
60008132,False,
113931198,False,
60246479,True,
123780766,False,
60027272,False,
60111768,False,
60013700,True,
60106842,True,
60014856,True,
60172381,True,
60072950,True,
60084005,True,
60008588,False,
60123828,True,
60029906,True,
60104201,True,
60006635,False,
60008088,False,
60112196,True,
60108347,True,
101560071,True,
115228915,True,
60122705,True,
128571719,False,
60108247,True,
60210124,True,
60107882,True,
60112048,True,
60105628,True,
60006662,True,
60092945,False,
60120231,False,
60349372,True,
60138539,True,
60087346,False,
60004676,True,
60108153,True,
60025332,True,
60025965,False,
60105517,True,
60060524,False,
60073342,True,
60110415,True,
129132715,False,
60271961,False,
126108089,True,
60058559,True,
100710681,True,
117844642,True,
60108303,True,
60023245,False,
60002441,False,
60024830,False,
122152787,False,
129431687,True,
60029852,False,
60123082,True,
60027509,False,
112508911,True,
60122681,True,
128342851,True,
60027466,True,
60105735,True,
115418638,True,
60107551,True,
60106371,False,
60138556,True,
60107036,True,
60107040,True,
60020383,True,
112979473,True,
60025861,True,
60031040,False,
112789344,True,
60000256,False,
60002525,True,
60134720,True,
60068765,False,
60022446,False,
60107158,True,
60000881,False,
60040012,True,
60123782,True,
60180342,False,
60008042,False,
109640028,True,
60209332,True,
60116071,True,
60073083,False,
112979084,True,
60120344,True,
123371718,True,
60106906,True,
60105777,True,
60068940,True,
113134501,True,
60109578,True,
60006317,True,
60107078,True,
60238510,False,
60209911,True,
60020551,True,
60210082,True,
100353005,True,
60022995,False,
60021859,False,
60007997,False,
60197895,True,
118643141,True,
60070933,False,
60070924,False,
60106111,True,
60105727,True,
60107045,True,
124496006,True,
60112379,True,
60112187,True,
60159352,True,
113892081,True,
60022376,True,
60068759,False,
60116671,True,
60091666,False,
60003800,True,
60007171,False,
60027363,False,
60003725,False,
114031806,False,
60250859,True,
60069298,False,
60112340,True,
60025746,False,
60070452,False,
60264714,False,
60106179,True,
60019626,True,
60025995,True,
60105767,True,
60021784,False,
60002014,False,
60006588,False,
123166130,False,
114634896,False,
60170432,False,
60116751,False,
60112307,True,
60210168,True,
131371194,False,
119048118,False,
60027031,True,
60027835,True,
60110511,True,
60064058,False,
60206661,True,
101155714,True,
60016476,False,
60108266,True,
101222791,True,
60029695,True,
60030032,True,
120437479,True,
126965816,True,
129542893,False,
60140949,False,
60015615,False,
60106096,True,
60029225,False,
60068673,False,
112662729,False,
60203638,False,
60031351,False,
60109269,True,
60003748,True,
60120343,True,
60068939,True,
60017697,False,
60083826,True,
126494286,True,
126732217,True,
60106803,True,
100499445,True,
119848985,True,
60016458,False,
128612773,True,
60120519,True,
60120767,True,
60106341,True,
116369822,True,
60108244,True,
60016992,True,
126290864,False,
60072104,False,
60105747,True,
60003977,False,
60069717,False,
60011549,False,
60107868,True,
60068750,False,
60029747,False,
114116261,True,
60009386,True,
60104199,False,
130621417,False,
129943557,False,
60019616,False,
60015103,False,
60016536,False,
113823266,True,
100416257,True,
120284923,True,
60126116,True,
60159967,False,
60105630,True,
60105766,True,
60269389,True,
102031717,True,
60111957,True,
60015772,False,
118452460,False,
60010028,True,
60072725,False,
60049947,False,
60017275,False,
60122451,True,
60107872,True,
60083082,False,
60021729,False,
60017609,False,
60112023,True,
117257653,False,
60023932,False,
60031777,False,
60051492,False,
60010146,False,
60106057,True,
60007895,False,
60025506,False,
60170370,True,
60108554,True,
60122693,True,
60005949,False,
118504919,True,
60281032,True,
60105525,True,
60019615,True,
60010447,True,
60025038,False,
60004130,True,
60017293,False,
60105651,True,
60123816,True,
60068569,True,
60028189,False,
60068740,False,
60002057,True,
60024646,True,
60106275,True,
120096580,False,
60027769,True,
60105604,True,
60120779,True,
60024245,True,
60158036,True,
60016067,True,
60209001,True,
60014923,False,
60006084,True,
60150705,False,
60016516,True,
60015159,False,
60014655,False,
116634319,True,
60026601,False,
113186162,True,
60027579,True,
60108166,True,
60103859,False,
60107831,True,
60264818,True,
60271773,True,
60005915,True,
60024682,True,
60019118,False,
60019499,False,
115238602,False,
60112029,True,
60025475,False,
60115595,False,
60026803,True,
112964678,True,
112661534,True,
60072943,True,
60030109,False,
121519972,True,
60009839,False,
60028897,False,
60111249,True,
60104109,True,
60023802,True,
126343774,True,
115440124,True,
60105099,True,
60105709,True,
60209913,True,
60072750,False,
60004954,False,
60110764,True,
60006577,False,
60119991,True,
60015197,False,
118283702,True,
60105232,False,
118343468,True,
60107869,True,
60072945,True,
60123679,True,
114608914,True,
60108187,True,
60026786,False,
60024208,False,
60025529,False,
60088527,False,
60110744,True,
113173161,True,
60024034,False,
60042311,False,
60105543,True,
123165448,True,
60028492,False,
60116560,False,
107065179,True,
60006283,True,
60007084,True,
60032385,True,
60021182,False,
60103653,False,
60013717,True,
60138430,True,
60012070,False,
60106219,True,
120394215,True,
60107836,True,
60023994,False,
100844857,False,
60020004,False,
60138793,True,
60106210,True,
60109902,True,
60106256,True,
60106185,True,
60159332,True,
60026282,False,
116880581,False,
60106700,True,
60122701,True,
60023137,False,
60009357,True,
60210256,True,
60107150,True,
60068564,True,
60058071,False,
60101844,True,
60032942,False,
60115730,False,
60016437,False,
60031699,False,
110285881,True,
60005499,False,
60069299,False,
60009708,False,
60363643,True,
60012278,True,
125823541,True,
60110513,True,
132085064,False,
60112303,True,
60112582,True,
60025017,False,
60001987,False,
60119905,True,
60014962,True,
60273350,False,
60069382,False,
60108122,False,
60011125,False,
60121600,True,
60111959,True,
60106220,True,
60017994,False,
131297293,True,
60032838,False,
60016361,True,
60028717,False,
60025858,False,
60012614,False,
60012162,False,
60363674,True,
60103776,False,
60012012,True,
60028634,True,
126414148,False,
60107032,True,
60105550,True,
60083602,True,
113935285,True,
60106295,True,
60002624,True,
60007723,True,
60018084,True,
60018108,True,
100427648,False,
60070882,False,
60003686,False,
117974916,False,
60072952,True,
60110756,True,
60086242,False,
60106807,True,
60027716,False,
101018904,True,
60085173,False,
60007109,True,
123894095,False,
60206581,True,
112835816,True,
127836415,True,
60120903,True,
60029681,False,
60109490,True,
123873198,True,
60006541,False,
60105758,True,
60105751,True,
60012138,False,
60007728,False,
126579488,True,
60003479,True,
60210101,True,
60027741,False,
60206573,True,
60005766,True,
60112197,True,
60276306,True,
60159930,True,
60068764,False,
60030035,False,
126495626,True,
60108527,True,
60010586,False,
60019160,False,
60087109,False,
114778285,True,
60014256,False,
60021666,False,
60007381,False,
60106986,True,
60014669,False,
60210152,True,
60251043,False,
60017041,False,
60119989,True,
60121906,True,
114825452,True,
113270207,False,
131664523,True,
60105795,True,
60070333,False,
60030119,True,
60106221,True,
60030835,False,
60170474,False,
60002798,False,
60027800,False,
60030807,False,
60015948,False,
60000832,True,
60002290,True,
127241312,True,
60007363,False,
60030364,False,
60059987,False,
60122782,True,
60027156,True,
60005645,True,
60264821,True,
121878659,True,
60000401,False,
60010953,False,
60008435,False,
101326469,True,
60108507,True,
60107228,False,
116836858,True,
60112341,True,
60031236,False,
60103234,True,
60129102,False,
129815170,False,
60106133,True,
60157977,True,
60122687,True,
60016471,False,
60107112,True,
60108513,True,
60009788,False,
60072712,False,
60070324,False,
60108211,True,
60122721,True,
60071014,False,
60104223,True,
60003161,False,
60127210,False,
60009755,True,
119840735,True,
60122386,True,
60025990,False,
60025278,False,
60004179,False,
60122098,False,
60105520,True,
60031264,True,
60031214,True,
60003258,False,
60107107,True,
60278992,True,
60070638,False,
60108260,True,
60089931,False,
114689445,True,
60026612,False,
60016147,False,
100588390,True,
60014849,True,
113046178,True,
118137538,True,
60114206,False,
60138538,True,
124532441,True,
60189156,True,
122470394,True,
60009686,True,
120183138,True,
60003668,False,
60009201,True,
60110967,True,
115099475,False,
115587110,True,
107146157,True,
60276156,True,
60107120,True,
60107047,True,
60210144,True,
60117425,False,
60136279,True,
108042787,True,
116544780,True,
115001199,True,
114064145,True,
60274827,True,
60126115,True,
128910610,True,
60025005,True,
60152345,False,
60027335,True,
60206572,True,
60079887,False,
60030612,False,
128354703,True,
60105502,True,
105624504,True,
60024805,False,
60123696,True,
60015682,False,
118063547,True,
60106328,True,
114865627,True,
100636059,True,
60002200,False,
60106800,True,
115777567,True,
60108276,True,
60007249,False,
106340292,True,
60122452,True,
60112062,True,
60009295,False,
60071556,False,
101256589,False,
60027142,False,
127774792,True,
60026810,False,
60108199,True,
60007893,False,
60023053,False,
113182526,True,
60073296,True,
123348107,False,
106336223,True,
60112070,True,
100432455,True,
126659100,False,
60091638,False,
60025084,False,
60187507,True,
60105562,True,
60120792,True,
60021227,False,
60121644,False,
60277242,True,
60004967,True,
60030342,True,
60107175,True,
60321802,True,
60009982,False,
60016940,False,
60264710,True,
128833003,True,
116138263,True,
60009851,False,
60022520,False,
60187504,True,
60072947,True,
60095925,True,
60072611,False,
60072617,False,
60026968,True,
60106023,True,
128064252,True,
60209558,True,
112842098,False,
114154038,True,
60026007,True,
60157998,True,
113910019,True,
100392155,True,
126685880,True,
60018487,True,
60026660,True,
60042765,False,
60107117,True,
60268804,False,
111895754,True,
60013727,True,
60105773,True,
60101367,True,
60110548,False,
116350310,True,
60068751,False,
60106982,True,
60273628,False,
129101910,False,
60019496,False,
60017592,False,
100800463,True,
100610420,True,
60029929,False,
105810057,False,
60010679,False,
60112024,True,
60108183,True,
115780255,True,
60105514,True,
60123637,True,
60002573,False,
60104081,True,
60192082,False,
60105620,True,
60016640,False,
60108465,False,
60015148,True,
60029989,True,
60024209,True,
60013609,False,
60106310,True,
60028770,True,
60105672,True,
60020486,False,
60006297,False,
60071412,False,
116404952,True,
60013052,False,
60008950,False,
60010396,False,
60016529,False,
60018208,False,
60105596,True,
60018205,False,
60109179,True,
123176391,True,
100664588,True,
60024615,False,
60020650,False,
60281026,False,
60109415,True,
100948758,True,
122548253,True,
60068749,False,
122564927,True,
60030491,True,
60112043,True,
60011464,True,
60026905,False,
60083966,True,
60002009,False,
60002060,True,
117232504,True,
60204131,True,
60069706,False,
60004885,True,
60134788,True,
60126109,True,
60361384,False,
60024143,False,
60103240,True,
60071553,False,
60105374,False,
104961029,True,
60108477,False,
60024944,True,
60068950,True,
60105487,True,
60106265,True,
60024767,True,
60021361,False,
60106018,True,
60091645,False,
60012306,False,
60105765,True,
60000590,False,
60022368,True,
60105762,True,
122026061,True,
60269407,True,
60032987,False,
60210090,True,
60004764,False,
60020274,False,
122022955,True,
60278886,False,
60208834,True,
60104009,False,
106596500,True,
60159931,False,
60068548,True,
60004848,True,
60105990,True,
60106207,True,
60106844,True,
60117762,False,
60073799,False,
60357981,True,
60112044,True,
60020044,False,
119813566,True,
125609895,True,
60030840,False,
60108553,True,
60122788,True,
119091310,True,
60106194,True,
112508564,False,
60026245,False,
60126120,False,
118780867,True,
60084996,False,
60105594,True,
122875737,True,
60120298,True,
113650254,True,
60068760,False,
60068755,False,
60070449,False,
60070591,False,
60010432,False,
60023256,False,
60269386,True,
101095926,True,
60138540,True,
60019010,True,
60106112,True,
60283152,True,
60105771,True,
121623580,True,
60099961,False,
60002306,False,
60105169,False,
60011019,False,
124817394,True,
60014976,False,
113228381,True,
60062760,True,
60194528,False,
60069627,False,
60016682,False,
60068551,True,
129038367,True,
60111154,True,
112625181,True,
60071724,False,
60072564,False,
60030846,False,
120851662,True,
60023581,True,
100584975,True,
60277234,True,
60206631,True,
60109406,True,
60108808,False,
60277229,True,
107132603,True,
60018179,False,
60239307,False,
60008724,False,
60105574,True,
113324054,True,
60107066,True,
60277729,False,
60105629,True,
60105603,True,
60108283,True,
60016519,True,
117055522,True,
124834341,True,
118449040,True,
113133024,True,
60024771,True,
116682445,True,
120392032,False,
60210185,True,
60024243,True,
117866583,True,
101546620,True,
60111492,True,
116585864,True,
125774237,False,
128656672,True,
60004410,True,
60110763,True,
117938525,True,
113420269,True,
123957883,True,
60353112,True,
60108044,True,
60157979,True,
60027501,False,
118590095,False,
101474565,True,
60136277,True,
119704477,True,
100861681,True,
60002144,False,
115904987,True,
60011479,False,
60021519,False,
60010719,False,
60112438,True,
60068937,True,
60210341,True,
60105652,True,
106684407,True,
105231793,True,
60108145,True,
120661511,True,
114705373,True,
126476678,True,
60029570,False,
113889140,True,
60110235,True,
60029922,False,
60029507,False,
60068545,True,
60020601,True,
60010710,False,
60121699,False,
131258522,True,
60071992,False,
60112560,True,
60279610,True,
60107077,True,
60158506,False,
115178680,True,
124439159,False,
129168422,True,
60109403,True,
60281280,False,
60107082,True,
60009669,False,
60108653,True,
60007779,True,
60021606,False,
60264824,True,
60106222,True,
60084008,True,
60104627,False,
60012259,False,
60105436,False,
60265271,False,
60026306,False,
60107151,True,
60108150,True,
60009796,False,
114283876,True,
121236627,True,
60033473,False,
60105757,True,
60024360,False,
112899842,False,
60112766,True,
60014441,False,
60017134,False,
60030545,True,
60006680,False,
60015986,False,
60070309,False,
60101355,True,
60106235,True,
60110712,True,
60107085,True,
60022020,False,
60111237,True,
60122718,True,
60210100,True,
60002838,False,
60138542,True,
60006099,False,
60025252,False,
60055833,False,
60009999,False,
60027090,False,
60025757,False,
60108959,True,
116186178,True,
125688200,True,
119849594,True,
60282935,True,
112602648,True,
107987882,False,
60122689,True,
60073652,False,
60281381,False,
60116772,False,
60280903,True,
119221873,True,
60106872,True,
60108699,False,
128118320,True,
60023131,False,
60102593,True,
127992420,True,
100620535,False,
113182499,True,
112694332,True,
60107058,True,
60210142,True,
60126107,True,
60023146,False,
60108275,True,
60122706,True,
60105756,True,
60012035,False,
60123778,True,
60003174,True,
60083913,False,
60020859,True,
60120761,True,
124806731,True,
60068815,False,
117075264,False,
60014171,False,
60101854,False,
60072651,False,
60007654,False,
60032179,False,
60157985,True,
101459147,True,
60102026,False,
60112757,True,
60012718,False,
121452898,True,
60120838,True,
60211253,True,
114002523,True,
126069398,True,
60105570,True,
60147353,False,
60111956,True,
126069381,True,
60006028,False,
60017989,False,
60106237,True,
60111681,True,
60189144,True,
60138730,True,
112960239,True,
60122579,False,
60108518,True,
60106109,True,
60106335,True,
60014423,True,
60111263,True,
60011463,False,
60010987,False,
60158061,True,
121674255,True,
60105494,True,
60072608,False,
60210080,True,
60022135,False,
119922626,True,
60123711,True,
100704005,True,
114430569,True,
60116146,True,
60343503,True,
126292317,True,
100468629,True,
60075014,False,
60210192,True,
117862488,True,
60108279,True,
114226325,True,
60353351,True,
60210083,True,
60003500,False,
60073298,True,
113647665,True,
60157981,True,
60011604,False,
60026067,True,
60108502,True,
100339114,False,
122315134,True,
100361179,True,
60069890,False,
60101360,True,
114498007,True,
60000316,False,
112748926,True,
60000481,False,
60106334,True,
60090755,False,
119056205,True,
122016958,True,
112805297,True,
60115148,False,
111215135,True,
60001673,False,
60025996,True,
60024559,False,
60024989,False,
60007279,False,
60033409,False,
60198731,True,
122647347,True,
60105996,True,
60000036,False,
60122707,True,
60121933,True,
60003771,False,
122961364,True,
60028111,True,
121015891,True,
60110719,True,
60026276,False,
60002970,False,
113955502,True,
60019141,False,
60002644,False,
60110717,True,
60105770,True,
113162922,True,
60068748,False,
60004750,False,
112098712,True,
60004354,False,
60107820,True,
60158001,True,
60029644,False,
60006948,False,
60009963,False,
60361359,False,
60113475,True,
60106794,True,
60012828,False,
112333340,True,
60159593,True,
60108552,True,
125208975,True,
125298460,True,
129673697,True,
60363647,True,
60015910,True,
60013385,True,
60138661,True,
60106077,True,
126141829,True,
60026122,True,
60010365,False,
60278485,True,
126639388,True,
60108246,True,
60069992,False,
121073141,True,
128754239,True,
60068931,True,
60015300,False,
60069900,False,
60023998,False,
109917088,False,
60277230,True,
60118936,False,
130135448,True,
60250870,True,
60001335,True,
60000906,False,
60013141,False,
60106205,True,
60206570,True,
60362404,True,
106915095,True,
60119937,False,
60004691,False,
60016296,False,
60091668,False,
60204071,False,
60007866,False,
60112022,True,
60123774,True,
60106345,True,
60034123,True,
60011553,False,
60029241,False,
60006369,False,
113808065,True,
60119000,False,
118072006,False,
60005322,False,
60107837,True,
60005881,False,
60088707,False,
60110373,True,
60123640,True,
60015375,False,
60069708,False,
60105992,True,
60264776,True,
60030452,False,
130047875,True,
60105764,True,
116197821,True,
112983521,True,
60001934,True,
60108156,True,
60028502,False,
130088982,True,
60105994,True,
60136267,True,
120802037,True,
60105210,False,
105726527,False,
60109522,False,
60029885,False,
60087826,False,
60072960,True,
60004688,False,
60071540,False,
101717304,False,
107024282,True,
60030061,True,
60018783,False,
60007762,False,
60004582,False,
113721818,True,
60014261,False,
60012489,False,
60032339,True,
111545067,False,
118816007,False,
100446581,False,
60112834,False,
60107086,True,
60006564,False,
130825278,True,
60033316,False,
60022002,False,
101784024,True,
122382750,True,
60122719,True,
60004095,False,
60145976,False,
60025094,False,
60108549,True,
60073626,False,
60356882,True,
60020298,False,
60276322,True,
60027663,True,
60020484,False,
60009657,False,
60070926,False,
60070914,False,
129001302,True,
60012227,False,
60115196,True,
128139590,True,
60073351,True,
116110313,True,
124834538,False,
113716458,True,
60101363,True,
60107133,True,
100463374,True,
60006708,True,
128581299,True,
60007988,False,
101282732,True,
60107028,True,
60024353,False,
131552920,True,
60005447,False,
60276865,True,
60105518,True,
115264534,True,
60138680,False,
60023004,False,
60024045,False,
60007774,False,
60347060,False,
60025761,False,
60274873,True,
60138277,True,
60022080,True,
100377384,False,
60264823,True,
123274244,True,
60245256,True,
60087354,False,
60068741,False,
60106080,True,
60068758,False,
60111031,True,
127212202,True,
123864038,True,
60107862,True,
60189155,True,
60028868,False,
60139056,True,
100353485,True,
60269748,False,
118486583,True,
60031818,False,
60105775,True,
60110743,True,
60209130,True,
60083964,True,
110426220,True,
60105036,False,
60208832,True,
60013789,False,
60015945,False,
60277576,True,
114099981,True,
114265911,True,
60172670,True,
126955053,True,
128052711,True,
60178898,True,
60110923,True,
60012769,False,
60159342,True,
60073352,True,
60023529,False,
117844804,True,
60111963,True,
60283164,False,
60068567,True,
60071397,False,
60111247,True,
60070631,False,
118664848,True,
60021858,False,
60107871,True,
60190682,True,
60100492,False,
60015295,True,
60032607,False,
60120003,False,
60170306,False,
60006158,True,
60070317,False,
60010851,False,
60052242,False,
60264775,True,
60024321,False,
60025287,False,
60020513,False,
60106639,True,
128343414,False,
60068688,False,
60257836,False,
60176589,False,
60107821,True,
60031868,True,
60019663,False,
60013104,False,
60017098,False,
123348247,True,
131991475,True,
60153573,False,
60001784,False,
130324497,False,
60035251,False,
60274833,True,
60027666,False,
60017853,False,
60027294,False,
60024541,False,
112377375,True,
60070437,False,
60120773,True,
60000445,True,
60106040,True,
60189593,True,
60031587,False,
60108505,False,
118579864,True,
124073032,True,
109427979,True,
113234854,True,
112653511,True,
60112167,True,
60019226,False,
60025997,False,
60029859,True,
60271774,True,
60005084,True,
60013614,False,
60157951,True,
60017695,False,
60016569,False,
60106069,True,
60110369,True,
60105746,True,
60009409,False,
60130034,False,
60012060,False,
60024855,False,
60025187,False,
60106858,True,
121056001,True,
60158035,True,
124403513,False,
60033182,False,
60006704,False,
60012808,True,
130206881,True,
121377406,True,
60123678,True,
128736103,True,
60010286,True,
131384137,True,
60112439,True,
114427438,True,
60005075,False,
113558119,True,
60068944,True,
112615391,True,
118050304,True,
60033545,False,
60271548,False,
60017716,False,
60022987,True,
60271562,True,
60105495,True,
60018869,False,
60068947,True,
60122456,True,
60073356,True,
60105789,True,
112766574,True,
60068555,True,
60020420,False,
119743805,True,
60210157,True,
121572075,True,
60122698,True,
60108544,True,
60003462,True,
126775032,False,
126281211,True,
60183040,True,
60009254,False,
121328095,True,
124573515,True,
60075452,False,
100474906,True,
60071952,False,
60015595,False,
60011373,False,
126588098,True,
124442996,False,
60000745,False,
60108180,False,
113459839,True,
60106839,True,
60105588,True,
60105610,True,
60071246,False,
60068530,False,
60157832,False,
60005768,True,
60107839,True,
121160910,True,
60006320,False,
126172574,True,
60271165,True,
60006916,True,
60014992,False,
116949323,True,
60113364,False,
60003417,False,
60210091,True,
119626312,True,
127037218,True,
107842822,True,
60009860,False,
109483041,False,
100631462,False,
60010809,True,
60110941,True,
128161477,True,
60277054,False,
60031888,False,
60045061,False,
60013792,False,
124782225,True,
60016849,False,
60016938,True,
60020661,False,
60180347,True,
60103765,False,
60107138,True,
60264471,True,
60001741,False,
60017173,True,
60027790,False,
60008158,False,
60001512,False,
60111955,True,
115352400,True,
60000760,True,
60009499,False,
60138622,True,
60158000,True,
60105535,True,
100337522,True,
106299773,False,
60113825,True,
114324940,True,
60020475,False,
115037749,False,
60014965,False,
60210254,True,
60012105,True,
60081947,False,
60107083,True,
116405815,False,
117440530,True,
60108186,True,
127750557,False,
60072918,False,
60031569,False,
60110940,True,
60006627,False,
60107068,True,
126377082,True,
60025779,False,
60070483,True,
60064746,False,
60108292,True,
60208838,True,
60001490,False,
60009236,True,
124834344,False,
110375245,True,
120235759,True,
126249617,True,
118011085,True,
60196692,True,
60029738,False,
60122742,True,
60106899,True,
110515699,True,
60165274,True,
60107931,True,
101176351,False,
116480438,True,
60005453,False,
60025200,False,
60020402,False,
60136261,True,
112333411,True,
60105601,True,
60003127,False,
60134870,False,
60027998,False,
60111037,True,
120836593,False,
116399759,True,
60020858,True,
60109505,True,
60210111,True,
114179832,False,
117633785,True,
60005455,False,
60122743,True,
100817964,False,
60106290,True,
60026953,False,
60045994,False,
112631093,False,
106616026,True,
60030074,False,
60159331,True,
60138532,True,
60119932,False,
60106797,True,
60013528,True,
60025999,True,
60108263,True,
60003694,False,
60209335,True,
110206527,False,
60208571,True,
60017576,True,
60137601,False,
60111173,True,
60018357,False,
118851947,True,
60015706,False,
60277110,True,
60031041,False,
60006454,True,
60023077,False,
60026055,False,
60107110,True,
60281617,False,
102056347,True,
60040624,True,
60108341,True,
60015618,False,
60024174,True,
60007016,True,
124771509,True,
116461727,True,
60157975,True,
60029551,False,
125682224,False,True
60170324,True,
115734134,False,
60104338,True,
60068861,False,
60000943,False,
60276938,True,
60206658,True,
60028088,False,
60111159,True,
127318698,True,
131016801,True,
121701632,False,
60272451,False,
100385772,True,
60057595,False,
60070122,False,
60072964,True,
60097092,True,
114085919,True,
60107883,True,
131352232,True,
60000308,False,
60010261,False,
60026135,False,
60010884,False,
60001484,True,
100871803,True,
60004853,False,
60020829,False,
113942292,True,
117232840,True,
60071369,False,
109930057,True,
114391513,True,
60072949,True,
126121257,True,
60274641,False,
60038119,False,
60109908,True,
60003172,False,
60040505,True,
115541921,True,
60014205,False,
60105989,True,
131634564,True,
60100879,False,
60107031,True,
107202505,True,
60007061,False,
60073623,False,
128818627,False,
60271853,False,
60097178,False,
60006183,False,
60023813,False,
60068588,False,
123437775,True,
60029942,False,
60112735,False,
112679771,True,
60013671,False,
60114689,True,
101062221,True,
127599321,True,
60031331,False,
60016293,False,
60032882,False,
60039507,False,
60008928,False,
112692071,False,
113424258,True,
60106055,True,
60025383,False,
118589855,True,
113214553,True,
112981454,True,
60120516,True,
60138739,True,
60030718,False,
101938275,False,
118146343,False,
60122637,True,
60027075,False,
60016340,False,
60158019,True,
60111051,True,
117563634,True,
100974708,True,
110234268,True,
122523768,True,
122934681,False,
60328708,True,
124797263,True,
125602573,True,
119888889,True,
60116649,True,
60123672,True,
131126578,True,
115402486,True,
60001879,True,
60106865,True,
121381534,True,
60109394,False,
60106315,True,
127357510,True,
60106281,True,
114093737,True,
60111876,True,
60021255,False,
60026754,False,
107092902,True,
60071490,False,
60010649,True,
60071437,False,
60115484,False,
115001486,True,
60110597,False,
60021542,False,
60020385,False,
125391764,True,
60009602,False,
60121271,False,
109985115,True,
60084139,False,
60104380,False,
60106049,True,
60000153,False,
114511016,True,
118726907,False,
60027983,True,
60106350,True,
60017246,False,
125954078,True,
60107169,True,
60172669,True,
60014313,False,
60107379,False,
112635668,True,
60206576,True,
60001989,False,
60009009,False,
118661487,True,
60015192,False,
112417810,True,
60105521,True,
60021535,False,
60106787,False,
60012981,False,
126987348,False,
110345408,True,
105529698,True,
123701302,True,
60029622,False,
60112132,True,
60007903,False,
60025927,True,
60011001,False,
60111236,True,
60023824,False,
125190398,True,
60106502,False,
100429827,True,
60069892,False,
60023020,False,
60025468,True,
60108271,True,
60118622,False,
131168840,True,
60087990,False,
60105634,True,
60108170,True,
60118454,False,
60005510,False,
60138834,True,
126296181,True,
60138531,True,
60106845,True,
60271366,True,
60022143,False,
60020261,False,
60302736,True,
60011256,False,
114671723,False,
60030674,False,
60108348,True,
60010110,False,
60108660,False,
60123713,True,
119181615,True,
60264655,True,
60111246,True,
60122784,True,
112662775,True,
113978149,True,
60105822,False,
60278997,True,
100959488,True,
101568305,True,
60110216,False,
60021331,False,
122320187,False,
60123714,True,
60268356,True,
60111003,True,
60007711,False,
60030241,False,
60072594,False,
60106347,True,
60106251,True,
60106835,True,
60109840,False,
60105740,True,
60353448,True,
60108493,True,
60072102,False,
125090401,True,
60070932,False,
60358264,True,
60029116,True,
60354649,True,
60012296,False,
60070941,False,
100603898,True,
100503837,True,
129279318,True,
60007474,False,
60108551,True,
60138971,False,
60103460,False,
60060454,False,
60111241,True,
105623658,True,
113908440,False,
60027299,False,
60003212,False,
60122454,True,
127982333,True,
124315092,True,
60105640,True,
60023561,False,
60003937,False,
60031706,False,
60163091,False,
60012630,False,
60000879,False,
60031707,False,
60017144,True,
60107835,True,
60108307,True,
60014056,True,
60068566,True,
126813926,True,
60107026,True,
60008293,False,
60005254,False,
60108311,True,
60072969,True,
60105985,True,
125889784,False,
60160765,True,
60002286,False,
60072355,False,
60000762,False,
60024724,False,
60109276,False,
60015138,False,
113394753,True,
60020938,True,
60105431,False,
60105781,True,
60014774,False,
125637839,True,
60103732,False,
60158009,True,
118190258,False,
60016521,False,
106968909,True,
60001865,False,
60223189,False,
60276169,True,
60021918,False,
60023237,False,
60004052,True,
60032773,False,
60276079,True,
60028160,True,
60032325,False,
60210265,True,
60000784,False,
60210260,True,
60109271,False,
60111730,False,
60031159,False,
60028883,False,
60027844,False,
60000770,True,
60011533,False,
60003029,False,
60120766,True,
127991914,True,
60153736,False,
60000891,False,
60078540,False,
126267829,True,
60105022,False,
60031828,False,
60108193,True,
60187514,False,
60105241,True,
129649353,True,
113939231,True,
112746476,True,
60068763,False,
60014151,False,
60022265,False,
129821520,False,
60102478,False,
60068581,False,
121951564,True,
130958121,True,
60024642,True,
60111456,True,
60275151,False,
60121715,True,
60073526,False,
60123642,True,
60121115,False,
120202908,True,
60239633,True,
60012831,False,
113822984,True,
60250844,True,
60106367,False,
60005370,True,
60025059,False,
60274779,True,
60112069,True,
60279316,False,
60272116,False,
115015453,True,
60006558,False,
60012992,False,
125422730,True,
128814418,True,
60112133,True,
60023147,False,
60007007,False,
60108515,True,
60274097,True,
60021561,False,
117261069,True,
60130477,False,
60106829,True,
120368122,False,
60026637,False,
60002823,False,
60087342,False,
60136193,False,
60013180,False,
60111219,True,
130880455,True,
60005971,False,
60107088,True,
122548476,True,
60009701,True,
116459477,True,
106731267,True,
60027479,False,
60016218,False,
60079992,False,
113766308,True,
60026929,False,
60106261,True,
60106186,True,
60022367,False,
113050426,False,
60008160,False,
60014378,False,
128206788,True,
60110692,True,
60023520,False,
60004085,True,
114167469,False,
60111834,False,
60101299,False,
60111238,True,
60079129,False,
60014966,False,
60112071,True,
60105728,True,
60002952,False,
60030469,False,
60210258,True,
125087222,True,
60023228,True,
108185064,True,
60117873,False,
60026777,False,
101376750,True,
101475468,True,
60158046,True,
60114770,True,
60196688,True,
60026434,False,
60105602,True,
117777378,True,
60020745,False,
60068752,False,
100405045,True,
60002174,True,
60025352,False,
60346935,True,
60016104,False,
60012033,True,
60026547,True,
60105749,True,
60108957,True,
60113363,False,
120934040,False,
60009972,False,
60032256,False,
60007268,False,
116090373,True,
114577246,True,
60015186,False,
128241308,False,True
106249311,True,
60106115,True,
60264827,True,
100605633,False,
128734242,False,
119840761,True,
126338302,True,
113241933,True,
60190927,False,
109507764,True,
125819032,True,
125568010,False,
60029167,True,
125450796,True,
60123161,True,
60108524,True,
127175148,True,
60020258,False,
60018894,False,
60210171,True,
60112142,False,
60020376,False,
60197902,True,
60109225,True,
112894864,False,
60000015,False,
60076604,False,
60116732,False,
60002947,False,
60115235,True,
60115956,True,
60003138,False,
60107046,True,
121374414,True,
60112332,True,
60102426,False,
117216148,True,
60021568,False,
115261756,True,
115185855,True,
60069011,False,
60123807,True,
117509042,True,
60025153,False,
129434475,False,
113003886,False,
60030743,False,
60028739,False,
114025777,False,
130764456,False,
60027621,False,
113107993,True,
60025778,False,
60108160,True,
60009044,False,
128132416,True,
125888667,True,
101776948,True,
112611319,True,
60356018,True,
60279379,False,
60121685,True,
60202990,False,
101549642,True,
60014168,False,
60006291,False,
115298133,True,
60107095,True,
60007751,False,
60091680,False,
60105095,True,
60108517,True,
60025665,False,
123830926,False,
60019544,False,
60084004,True,
60108293,True,
60018353,False,
117215806,True,
60012976,True,
114708387,True,
60030414,True,
60107372,False,
60108677,True,
60032086,True,
60122569,False,
100658335,True,
60017456,False,
117493299,True,
115379252,True,
60143896,False,
60138805,True,
60108333,True,
112608149,True,
60297266,False,
60029931,False,
60069010,False,
60210213,True,
60024631,False,
60138516,False,
128185779,False,
60073847,False,
128275155,True,
60030966,False,
60243382,False,
60121458,False,
60106041,True,
60157966,True,
60209630,True,
60030643,True,
60003217,False,
60030785,False,
60005517,False,
60210344,True,
60071942,False,
60112087,True,
60271538,True,
60024621,False,
60078007,False,
106095102,True,
60002787,False,
60119344,False,
122474192,True,
119567759,True,
128384321,True,
114566994,True,
60026532,False,
60357697,True,
60025703,False,
114383527,False,
128241156,True,
60004956,False,
60027147,False,
100363399,True,
123356189,True,
60094415,False,
60192956,False,
60192961,False,
60157978,True,
60105507,True,
114278376,True,
60210120,True,
60028587,True,
60092436,False,
60025440,True,
128256470,False,
60106796,True,
60108340,True,
60018554,False,
60030635,False,
60014773,False,
121419126,True,
60106107,True,
60017311,False,
115006550,True,
119750814,True,
60106306,True,
121362010,True,
60025225,False,
60105567,True,
60203555,True,
60108526,True,
116990328,True,
60108301,True,
60015815,False,
60003915,False,
124604597,False,
116658269,True,
60108189,True,
129550288,False,
118250871,True,
60058068,True,
60107825,True,
124082239,False,
60019537,False,
60108525,True,
60106893,True,
116342372,True,
60006536,False,
126648762,True,
60101868,False,
60107132,True,
112954162,True,
114475725,True,
125166647,False,
60158017,True,
60106809,True,
120356215,True,
60028355,False,
60170411,False,
60157272,False,
60106317,True,
60032401,True,
60279661,False,
113527369,True,
60068800,False,
60002895,True,
60105437,False,
60109226,True,
60206632,True,
116394294,True,
60105627,True,
60034954,False,
60021814,False,
60073432,False,
60209344,True,
110018284,False,
113771544,False,
60158096,True,
60271635,False,
60104296,True,
122217286,True,
120494336,True,
60106180,True,
60068942,True,
101987852,True,
60031576,False,
60005027,False,
60080345,False,
60267250,False,
128091636,False,
60117367,False,
130386365,True,
130386442,True,
117280986,False,
60024232,False,
60106152,True,
60083354,False,
111405220,True,
60022109,False,
60017397,True,
60210095,True,
60099198,False,
60004439,False,
60274951,False,
110035341,True,
60010348,False,
60122725,True,
60008877,False,
60011807,False,
60002090,False,
60017605,False,
60030162,False,
60032420,False,
115203478,True,
114935322,True,
127618365,True,
60105417,False,
60105754,True,
60020133,False,
60210107,True,
60003878,False,
60028234,True,
60012954,False,
129994145,True,
60121722,False,
60170433,False,
129979227,True,
60108478,True,
60025704,False,
60112476,False,
60106102,True,
60108521,True,
60192427,False,
113483825,True,
123683531,True,
60027012,False,
60023254,False,
60133775,False,
60015415,False,
101371325,True,
60002492,False,
60123709,True,
60069139,False,
113655158,True,
60003711,False,
60045954,False,
60071806,False,
100343078,True,
60106020,True,
60012623,False,
60083823,True,
100871422,True,
101587120,True,
60025881,False,
60024260,False,
129111058,False,
60107809,False,
60000297,False,
60000305,False,
60021578,False,
60025518,False,
60091653,False,
60153950,False,
60001317,False,
60105557,True,
60106131,True,
60012392,False,
60068683,False,
60106260,True,
106431913,True,
60106253,True,
60108278,True,
60035085,True,
60105745,True,
60005558,False,
60073494,False,
60107134,True,
114043633,True,
112584284,True,
60005686,False,
60104131,True,
105896927,True,
60086834,False,
60016005,False,
60086353,False,
60028900,False,
60012603,False,
60072360,False,
120842935,False,
60109828,False,
60105763,True,
60107084,True,
60148444,False,
60102538,False,
60004822,False,
105249656,False,
127009266,True,
124749429,True,
119891730,True,
60122808,False,
112571756,False,
113205192,False,
125917114,True,
60104170,True,
60031624,False,
60106123,True,
110815359,True,
60069770,True,
100728964,False,
125643638,False,True
60170149,False,
60014340,False,
60279484,True,
60011891,False,
129839746,False,
60003817,True,
122923933,True,
60072070,False,
60029304,False,
60110710,True,
128201885,True,
60138574,True,
121225676,False,
60006754,False,
114606008,True,
60108509,True,
60108230,True,
60014181,True,
107223098,True,
118264866,True,
121790749,True,
60008240,False,
60104190,True,
60105506,True,
60108176,True,
60112110,True,
60116924,False,
114046803,True,
60016896,False,
60009343,False,
100361669,True,
120767483,True,
118470476,True,
60012835,False,
112704871,True,
127281178,False,
60028876,False,
60071354,False,
114465040,True,
107874091,True,
60106140,True,
60271557,True,
106715943,True,
60000251,False,
60277866,False,
60281754,False,
60105608,True,
119156449,True,
60021657,False,
126100714,True,
105830035,True,
123513043,False,
129415561,True,
60198727,False,
60199550,False,
60001769,False,
117458789,True,
119317896,True,
60001455,False,
60120821,True,
60019926,False,
60025457,False,
114940026,True,
60019953,False,
126941307,True,
60027821,False,
60069326,False,
60108547,True,
60001845,True,
60025307,False,
124895829,True,
125435377,True,
60022415,False,
60022729,False,
60030495,False,
60007670,False,
60001800,False,
60008384,False,
60209633,True,
60071147,False,
60071176,False,
60021763,False,
60018134,True,
60008060,False,
60033449,True,
60209952,True,
60280688,True,
60276948,True,
60103742,False,
60070635,False,
120409189,True,
126438461,True,
121232019,True,
121671403,False,
60105635,True,
104910478,True,
121855957,True,
60029857,False,
60001524,False,
60026827,False,
100707782,False,
128906120,True,
60006793,False,
60121547,False,
60110780,False,
123733501,False,
60028435,False,
60001716,True,
60014334,False,
60264742,True,
60032937,True,
60005500,False,
60279843,True,
113394631,True,
60120953,False,
60002790,False,
60022800,False,
119197654,False,
60000658,False,
124042152,False,
60005465,False,
122107644,True,
60000677,False,
128374510,True,
114176383,True,
60108542,True,
60069895,False,
60033451,False,
60031509,True,
60111524,True,
60021588,False,
60083698,False,
125381421,True,
60181991,True,
60122696,True,
60026787,True,
60012113,False,
60122720,True,
60280358,True,
60209327,True,
60104831,False,
60068671,False,
60003088,False,
60009308,False,
112817819,True,
121367996,True,
128268518,True,
60088902,False,
122164759,True,
60025488,False,
60105759,True,
101396413,True,
114689189,True,
60024695,False,
60129288,False,
60160764,True,
118673879,True,
60113231,False,
60009016,False,
60003666,False,
60004518,False,
60106212,True,
60033241,False,
60029543,False,
60038666,False,
130308947,True,
60105575,True,
60011664,False,
60004009,False,
60121522,False,
60235670,False,
60026405,False,
60083840,True,
60108195,True,
60022085,False,
60175886,False,
60020416,False,
60068572,True,
60070637,False,
60072530,False,
60209337,True,
60117986,False,
60029740,False,
121491873,True,
60122370,True,
60105585,True,
60004969,False,
60180341,True,
115245494,True,
120940790,True,
60112377,True,
60015356,False,
60118374,False,
60123652,True,
60018478,False,
60189154,False,
60090173,False,
60021981,False,
60114884,True,
60006000,False,
60114199,True,
119131777,True,
124425482,True,
114554315,True,
118735906,True,
60073637,False,
60102070,False,
113984027,True,
113983567,True,
127039395,True,
60113626,False,
114419194,True,
60068761,False,
117063441,True,
60012059,False,
60011610,False,
60091946,False,
122277466,True,
60072144,True,
113230790,True,
60017970,False,
60008804,False,
60033178,False,
60033036,True,
60072485,False,
60019647,False,
100368904,True,
60007328,False,
60212489,False,
60026680,False,
60119326,False,
60021543,False,
106997886,False,
60072069,False,
113552609,True,
60027485,False,
112757547,True,
60107826,True,
60020202,True,
113698006,True,
60002836,False,
60025590,False,
60196697,True,
101395381,False,
60278269,False,
60028934,False,
60007573,False,
60021200,False,
60112088,True,
60107155,True,
60078591,False,
60000135,False,
60101365,True,
60022015,False,
60073354,True,
114090672,True,
60021032,False,
105892251,True,
116728673,True,
60030210,False,
60013236,False,
113550533,True,
114661668,True,
116536309,False,
60187109,True,
60031814,True,
60023299,False,
60031139,True,
60004687,False,
60011280,False,
60031155,False,
60010818,False,
115235062,True,
60011347,False,
122498432,True,
109714057,True,
119738825,True,
60109409,True,
105994832,False,
109901342,True,
60033420,False,
119625431,True,
132067953,True,
60111656,False,
60021836,False,
60108528,True,
60159333,True,
126915298,False,
60107766,False,
60029278,False,
60032372,False,
60021135,True,
127088751,True,
60071367,False,
60013636,True,
128158033,True,
113894311,True,
117783705,False,
127675188,False,
113718900,False,
60070538,False,
113527728,True,
118103862,True,
60116707,True,
60070034,False,
60016908,False,
122875061,False,
60071644,False,
129170897,True,
113560737,True,
113518364,True,
60002496,True,
122474763,True,
60006726,False,
125822898,True,
60020457,False,
60005449,False,
60082258,False,
60209947,True,
113061641,False,
113261881,True,
60005658,False,
60104134,False,
60200687,False,
60105531,True,
60112105,True,
130115680,True,
101447755,True,
60105625,True,
100443572,False,
109662445,True,
112833622,True,
108214205,True,
60105565,True,
60107783,True,
127800439,True,
60302946,True,
105152407,False,
60106065,True,
118782040,True,
60068756,False,
60105816,False,
60106599,False,
60030258,False,
60085217,False,
60046660,False,
60073702,False,
60115644,True,
112671150,True,
60018805,False,
100332133,True,
112757722,True,
60138789,True,
60110706,True,
118807121,True,
118807734,True,
60005244,False,
126082875,True,
60010934,False,
60026281,False,
60025152,False,
121995029,True,
60006989,False,
60013959,False,
109721163,True,
122569961,True,
60107867,True,
60011149,False,
60101369,True,
60021781,False,
60196619,True,
60071491,False,
60012556,False,
60241840,True,
114157735,True,
124797379,True,
123521688,True,
60017326,False,
60008943,False,
60084908,False,
60108248,True,
113087843,True,
60107136,True,
112643755,True,
60013682,False,
112714213,True,
60001489,False,
60151558,False,
60031970,False,
60138498,False,
60073460,False,
60010023,False,
60029653,False,
60033091,False,
60280144,False,
105533251,True,
60106118,True,
60071113,False,
60070104,False,
60009915,False,
125263864,True,
60109408,True,
60072709,False,
60108181,False,
125946303,True,
124141594,True,
60308989,False,
60079333,False,
60025756,False,
60281259,False,
60166774,False,
60105249,False,
113931840,True,
60157964,True,
60005681,False,
60014036,False,
100674778,True,
60033011,False,
60024452,False,
60106061,True,
113186302,True,
112723117,True,
60112431,True,
60014826,False,
115234560,True,
112590203,True,
118190020,True,
60019337,False,
60076709,False,
124147890,True,
60013435,False,
60030849,False,
100819008,True,
60017705,False,
60000729,False,
126990171,False,
60072606,False,
60013983,False,
60108302,True,
60071364,False,
60002103,False,
114211421,True,
60012482,False,
124532053,False,
113518362,True,
60007398,True,
100326639,True,
60017317,False,
60029392,False,
117671477,True,
60274631,False,
60105577,True,
106377101,True,
60016621,False,
127067477,True,
60031004,False,
60102562,False,
60121326,True,
114665473,False,
117465432,False,
60112089,True,
60013409,False,
127205543,True,
60006105,True,
112831087,False,
113724816,True,
109865860,True,
125118159,True,
60106138,True,
60086967,False,
126728628,False,
60015941,False,
60011648,False,
60103980,False,
60032763,True,
60000726,False,
60122765,True,
60003474,False,
60026154,False,
60269755,True,
60159341,True,
60072227,False,
60139609,False,
120315526,True,
112979381,True,
60122733,True,
100843118,True,
122580907,False,
126000505,True,
60278823,True,
60081106,False,
112696952,True,
60003970,False,
112708035,True,
128855367,False,
128855677,False,
129115640,True,
121010939,True,
60071117,False,
112595674,True,
109622254,True,
107098277,True,
60113894,False,
100314226,True,
60080964,True,
118482122,True,
60308295,False,
116234751,True,
60012873,False,
60068876,False,
100797220,True,
60108344,True,
123738980,True,
110235874,True,
122874729,True,
109641346,True,
60022522,False,
60083600,True,
60024429,False,
60106229,True,
60024751,False,
113125206,True,
60032111,False,
117260364,False,
60160769,True,
60002581,False,
60279580,False,
114008825,True,
60004127,False,
60178602,False,
100398646,False,
60207122,False,
60190676,True,
60001563,False,
60212001,False,
60109521,False,
60005399,False,
60138751,True,
123432684,False,
126906647,False,True
60071031,False,
60091626,False,
128569349,True,
100351541,True,
60116558,False,
124065292,True,
60136210,False,
60356910,True,
60106202,True,
108280889,True,
60072038,False,
60021097,False,
60000731,False,
60005522,False,
102049071,False,
100601365,True,
60011066,False,
60342774,True,
60071560,False,
113945826,True,
122799340,False,
60069726,False,
60026712,False,
128440878,True,
113345472,True,
124841313,True,
60022605,False,
127244014,False,
60355477,True,
60085101,False,
60022195,False,
112755537,True,
60012062,True,
60025884,False,
128142910,False,
60016983,False,
60002312,False,
114081239,True,
113075158,True,
60111430,False,
60193403,False,
129320733,True,
60068557,True,
60008854,False,
128564579,False,
60032398,False,
119800195,True,
60206648,True,
124500562,True,
60010845,True,
60280871,True,
60138529,True,
60108053,True,
60005308,False,
60072706,False,
60013402,False,
60021660,False,
60095095,False,
113124030,True,
127070089,False,
112646072,True,
60199552,False,
116505732,True,
60109413,True,
60108342,True,
114380686,True,
120833358,True,
60016087,False,
60031996,True,
60055073,True,
114007110,True,
60107137,True,
60025709,False,
60020241,False,
60206664,True,
60007798,False,
60007902,False,
60138662,True,
113451672,True,
60026638,False,
60123088,True,
114022301,True,
119818000,True,
60122724,True,
60007752,False,
60011619,False,
126765953,True,
106540399,False,
60023383,False,
112880880,True,
127078462,True,
60073835,False,
109655046,True,
60000928,False,
60018055,False,
60013255,False,
60009241,False,
121880740,True,
115967654,True,
60013918,False,
60003269,False,
60107050,True,
60007843,False,
60003367,False,
112579019,True,
124495805,True,
60108212,True,
60025641,False,
60072054,False,
60160762,True,
123871236,True,
106732749,True,
124573492,False,
123373804,True,
60138787,True,
60026632,False,
60066812,False,
116065279,True,
125950580,False,True
100413449,True,
119607398,True,
60192442,False,
115444641,False,
114939963,False,
123187914,False,
60106329,True,
60020193,False,
60004855,False,
60105983,True,
60105991,True,
60157969,True,
60072966,True,
125506716,True,
60026606,False,
60070015,False,
60006824,False,
60111953,True,
123444586,True,
60028652,False,
118823393,True,
115846920,False,
60013076,False,
60020629,True,
60016987,False,
60032497,False,
60027686,False,
60004888,True,
60021654,True,
60106902,True,
129030370,False,True
60010905,False,
60280873,True,
60116823,False,
114001916,True,
60069800,False,
60109806,False,
60209953,True,
60106047,True,
60210194,True,
60014059,False,
60103462,False,
60004903,True,
60009506,False,
114367354,True,
60001462,False,
60029445,False,
60157993,True,
60006325,False,
60083817,True,
112055892,True,
60021378,False,
60046703,False,
114586615,True,
60107164,True,
113030358,False,
60119975,True,
60000578,False,
60279453,False,
126885752,False,
100353612,True,
107111457,True,
60026080,False,
60120294,True,
100399736,False,
113279680,True,
60105942,False,
60112045,True,
60250852,True,
113393912,True,
60073596,False,
60160417,False,
60011167,False,
123624911,True,
60250886,False,
60002049,False,
126062439,True,
60010970,False,
126509972,False,
60007730,True,
113678804,True,
60106293,False,
60105085,False,
114552102,True,
60106451,False,
60341650,False,
60030617,True,
126173238,True,
121072894,True,
60105037,False,
60151391,False,
115897249,False,
127402864,True,
114270687,True,
60105650,True,
130541461,True,
117882172,True,
60292016,True,
113525842,True,
60071885,False,
60005429,False,
60122695,True,
60012888,True,
113050260,True,
119155737,True,
60033100,False,
60024542,False,
60279820,True,
124617691,False,True
60068522,False,
60021120,False,
126629632,True,
115559714,True,
60006027,False,
60014549,False,
109583181,True,
60105522,True,
132906541,True,
113854292,True,
123865223,True,
60061772,True,
60032114,False,
60068775,False,
60028381,False,
60009513,False,
60071828,False,
60016209,False,
60108545,True,
60136199,True,
113836292,False,
60043201,False,
60107115,True,
60010118,False,
60139789,False,
60070599,False,
60114212,True,
106582571,True,
121620169,True,
60075894,False,
106446205,True,
60134869,True,
129016325,True,
119149056,True,
60123700,True,
60204363,True,
125435224,True,
60071357,False,
60005248,False,
60106352,True,
60001400,False,
60251067,False,
118260678,True,
60082819,False,
60345004,True,
117791918,True,
60122436,False,
112801783,True,
60105549,True,
60105467,False,
60068735,False,
60068753,False,
60122711,True,
110074758,True,
60007293,True,
60070929,False,
60140102,False,
112567404,True,
128983990,True,
60105760,True,
115185857,True,
60108669,True,
60171669,False,
60105600,True,
60019001,True,
60024812,False,
114244075,True,
101182776,True,
114611470,False,
115027991,True,
60031125,False,
60343014,False,
60030040,False,
60086946,False,
60122504,False,
60209635,True,
112704769,True,
100359676,True,
60000409,False,
117394269,True,
112276659,True,
60068769,False,
60138570,True,
60136396,False,
117890775,True,
60275613,True,
60116794,True,
124515581,True,
112746774,True,
60072063,False,
60022457,False,
60209634,True,
60014618,False,
60209950,True,
60106095,True,
60122389,False,
60104222,True,
60109299,False,
100964437,True,
60023516,False,
60029767,False,
106220358,True,
120437565,True,
108436133,True,
127587147,True,
60119286,False,
60157999,True,
60120580,False,
60099391,False,
117467384,False,
60087352,False,
106709670,True,
60021681,False,
108243959,False,
60016524,False,
60157956,True,
114417170,True,
100918109,True,
112905336,True,
60012708,False,
60091251,False,
60072007,False,
126469454,True,
60009022,False,
126866438,False,
101825903,False,
117729241,True,
60017983,False,
60009465,False,
118578857,True,
60120807,True,
60070173,False,
60031514,False,
125365057,True,
60001724,False,
60116662,False,
114293240,True,
60020135,False,
130540798,True,
126490050,True,
124029137,True,
127072858,True,
113032466,True,
113961048,True,
60028181,False,
60111977,True,
112645927,True,
60015574,False,
60107065,True,
60110755,True,
60017021,False,
60022091,False,
60120306,True,
60104906,True,
60026000,False,
60007257,False,
112645698,False,
60020365,False,
60005809,False,
60122680,True,
60013323,False,
60010177,False,
117568924,True,
116423588,True,
60031186,True,
121862627,True,
109611206,False,
60009424,False,
60106150,True,
60144861,False,
60108298,True,
60008734,False,
60023610,False,
60089930,False,
60008592,False,
60105776,True,
60011644,False,
124846653,False,
60250855,True,
112663675,True,
126825455,False,
130043105,True,
129721347,True,
60022764,False,
60009114,False,
112843936,True,
60269965,True,
125781231,False,
125930200,False,
106543754,True,
124648606,True,
60072562,False,
60010993,False,
60027675,False,
60210109,True,
110236580,True,
60015457,False,
60138628,True,
60018746,True,
60020585,False,
60113434,False,
129324873,True,
125897511,False,
60008999,False,
60085463,False,
60250871,True,
60159918,False,
60302198,False,
107003824,True,
60013737,True,
60020263,True,
60031106,False,
60004219,False,
60000203,False,
115878987,True,
60025699,False,
113333932,True,
60104813,False,
110035389,True,
60070606,False,
60209631,True,
119193597,True,
60105618,True,
60136204,False,
60020469,False,
60025111,False,
60009697,False,
60123773,True,
131411448,True,
60003013,False,
116697315,False,
117717193,True,
60026479,False,
60272389,False,
60071928,False,
60206571,True,
60000614,False,
128684271,False,
120275529,True,
60122735,True,
60022860,False,
60109464,False,
114434170,True,
121696968,False,
60011605,False,
60072656,False,
112852117,False,
117882491,False,
123456523,True,
60024758,False,
108568398,False,
60107056,True,
60072075,False,
60072088,False,
60014757,False,
129028170,True,
129241396,True,
60124157,False,
112614961,True,
60031855,False,
60026910,False,
60033292,False,
127900054,False,
60106339,True,
60009176,True,
115119105,True,
107744054,True,
115545659,False,
114380344,False,
60138744,True,
129979103,True,
119540770,True,
60206567,True,
60361130,True,
112635067,True,
60107043,True,
60107145,True,
60022746,False,
112620009,True,
114539414,True,
60089529,False,
60068575,False,
124875925,True,
100371210,False,
112915565,True,
60001831,True,
60024252,False,
121232624,True,
60012054,False,
101890074,True,
60021642,False,
60138619,False,
60005271,True,
60171515,False,
60105000,False,
60026914,False,
100868825,True,
130098473,True,
60209323,True,
120978934,True,
60025895,False,
60002946,False,
60032499,False,
113212444,True,
60000574,False,
115535306,True,
60080390,False,
60052106,False,
120956206,True,
60104292,True,
60082500,False,
60276250,True,
60023202,False,
60002786,False,
127066412,False,
60112437,True,
60012329,False,
60209004,True,
60019674,False,
60110966,True,
60204353,True,
60011976,False,
116281146,True,
60024696,False,
60106638,True,
60158008,True,
130642002,False,True
60001439,False,
113259418,True,
113710936,True,
60102083,False,
60136195,True,
114609026,True,
101620106,True,
60112239,True,
106232528,False,
60239647,True,
60004923,False,
124419195,False,
60206638,True,
126173135,True,
60027212,False,
113826268,False,
60106568,True,
60007989,False,
122652797,True,
123422210,True,
117694153,True,
60005391,False,
60007592,False,
114428437,False,
120232953,True,
60112036,False,
115192239,True,
60108489,True,
120517945,True,
60026415,False,
60158043,True,
126814161,True,
60023462,False,
100690838,True,
60122790,False,
60004223,False,
60110807,False,
117987400,False,
60015043,False,
60099539,False,
60072297,False,
60012311,False,
60108255,True,
60032895,False,
60080101,False,
60104400,False,
60015849,False,
105796431,True,
60017622,False,
60105791,True,
60029010,False,
130281185,True,
60084006,True,
60002864,False,
114079694,True,
60004716,False,
60067711,False,
60005883,False,
60083598,True,
60031225,False,
123929450,True,
60105622,True,
60105552,True,
60358021,True,
60025458,True,
60001117,False,
117190939,True,
60008150,False,
60107225,False,
60004538,False,
116154457,True,
128300398,True,
126157313,True,
60192445,False,
60120735,True,
60288038,True,
60001659,True,
60275600,True,
60006858,False,
110645899,True,
60084126,False,
60012689,False,
112600259,True,
60103694,False,
125216544,False,True
128083972,True,
60025013,False,
60192971,False,
60029215,True,
60002019,False,
60071985,False,
100437862,True,
60011711,False,
114364941,True,
114814882,True,
124874123,True,
129793086,False,
129793015,False,
128790954,False,
60216981,False,
60005807,False,
60012408,False,
60071938,False,
124240016,True,
60274645,False,
101140408,True,
60018020,False,
112373135,True,
60107881,True,
60024235,True,
60036483,False,
60016765,False,
107970378,True,
60106074,True,
101127160,True,
120629021,False,
60002388,False,
60068696,False,
60071494,False,
100616048,False,
60004238,False,
112618795,False,
60107822,True,
60021160,False,
60112301,True,
60122748,True,
121401762,True,
60019943,False,
60106874,True,
60271106,False,
114283493,True,
108138019,False,
130494499,True,
60138515,True,
60106062,True,
124999128,True,
129160429,True,
125170216,True,
131546349,True,
131546888,True,
60003059,False,
60002149,False,
60109537,False,
60279818,True,
117882337,True,
60110837,True,
60021143,False,
131915045,True,
127124769,False,True
60108316,False,
60032834,False,
60272589,False,
114183648,True,
113934882,True,
60085643,False,
119398452,True,
128374852,True,
60078288,False,
60060733,False,
118268866,True,
118269024,True,
60004412,True,
60106273,True,
60129180,False,
131664339,True,
60102151,False,
60015331,False,
112828646,True,
109502688,False,
118507842,True,
100551355,True,
60025710,False,
60029694,False,
60016648,False,
60110316,False,
60024322,False,
60007740,False,
112678122,False,
112805772,True,
60121975,False,
60136275,True,
60111222,True,
60065589,False,
60019908,True,
60103519,False,
126945113,False,
60123706,True,
60210259,True,
60050715,False,
60005458,False,
60118509,False,
60118505,False,
60138438,False,
60112768,False,
60030522,False,
60074326,False,
60071231,False,
127703454,False,True
119117351,True,
113925745,True,
60107870,True,
60109405,True,
60250867,True,
100410936,False,
60120089,False,
124781462,False,
112853150,True,
113064731,False,
127059222,True,
116005602,True,
131551053,True,
60106985,True,
60101347,True,
60033201,False,
122134188,True,
122849834,False,
60008931,False,
131580391,False,
60108498,True,
60021508,False,
108268720,False,
60068811,False,
60138414,True,
101351491,False,
60010591,False,
60004400,False,
114163277,True,
60029374,False,
60025404,False,
60020318,False,
60031572,False,
107918815,False,
60106385,False,
60014228,False,
60020337,False,
60106188,True,
60031411,False,
126066036,True,
60017351,False,
60027136,False,
60106325,True,
110715273,False,
60122682,True,
123831132,True,
60134789,True,
60108534,True,
60006326,False,
101015317,True,
60108548,True,
60072478,False,
116665830,True,
101140357,True,
60079572,False,
60082830,False,
60010080,False,
117521927,True,
116418481,True,
100461544,True,
60276249,True,
60007966,False,
105252935,True,
123532435,True,
124186120,True,
60209687,True,
60083112,False,
60189938,False,
60021850,False,
60004156,False,
60068739,False,
100421126,True,
60011170,False,
60109266,True,
60026320,False,
118617277,True,
60028891,False,
60018465,False,
108273051,True,
128059045,True,
123189823,False,
60159339,True,
100610646,True,
60028999,False,
60105744,True,
60002481,False,
60089122,False,
60068681,False,
60112104,True,
60107142,True,
60105870,False,
105294354,False,
60272428,False,
125285897,True,
60029834,False,
123683391,True,
60122064,True,
113833128,True,
123070632,True,
123432979,False,
60031487,False,
126792345,False,
100565532,True,
60030823,False,
123580913,False,
114434204,True,
60009909,True,
130424762,True,
130424260,True,
130425011,True,
60153535,False,
60206641,True,
109482322,True,
121177315,True,
60068809,False,
60122356,False,
126791277,True,
110039412,False,
60122640,False,
60017905,False,
60106402,False,
60005036,False,
60032203,False,
60029798,False,
60120575,True,
60030578,True,
60008433,True,
60026556,False,
60078005,False,
60139052,True,
129201505,True,
60153131,False,
122809273,True,
60087451,False,
60208839,True,
121477689,False,
122736399,True,
108268866,True,
121831968,True,
126322528,True,
122016756,True,
126256551,True,
60357640,True,
60271167,True,
60108172,True,
125679359,True,
60106094,True,
100577521,True,
126979089,True,
60006848,False,
112595895,True,
116199233,False,
60015033,False,
60277187,True,
118137360,True,
120518015,True,
60120518,True,
114349455,True,
60088883,False,
125292382,False,
60021658,False,
112186888,False,
60022173,True,
60106841,True,
60013331,False,
60030078,False,
60106051,False,
60019528,True,
60019656,False,
60068593,False,
60264738,False,
113646097,True,
60111958,True,
60134718,True,
114089709,True,
60115803,True,
122415893,True,
129099294,True,
101002095,True,
121444592,True,
112907498,True,
116681555,True,
128100765,False,
60210112,True,
60109706,False,
60011047,False,
122528645,False,
60003973,False,
123953769,True,
60007333,False,
126447281,True,
60010689,False,
60002194,False,
60359331,True,
60190740,False,
122138795,True,
130200184,True,
60106184,True,
107039591,True,
106199481,True,
131696624,True,
115923106,True,
60107501,False,
122719379,False,
60010584,False,
100406040,True,
60138741,True,
60104244,False,
60108254,True,
101670325,True,
101598915,True,
114211988,True,
60283112,True,
129279066,False,
126190356,True,
105233084,True,
60108516,True,
60208835,True,
60008649,False,
125613712,True,
119127871,True,
127805257,False,
109888305,True,
60030058,False,
60103975,False,
60120755,True,
100565164,True,
60106279,True,
60105796,True,
107946877,True,
127427232,False,
60023018,False,
125946274,True,
112620899,True,
120478391,True,
60115219,False,
100561445,False,
60014761,False,
123341711,True,
60159363,False,
60029470,False,
126073557,True,
128608420,False,
60218045,False,
60196691,True,
60023452,False,
60142701,False,
60019471,False,
60030534,False,
114184115,True,
60118992,False,
60016576,False,
130382011,False,
120180432,True,
60103758,False,
60104285,False,
117016268,True,
60017584,False,
60084007,True,
109267952,True,
118882240,True,
100437704,True,
123444408,False,True
112944015,True,
60274200,False,
60004053,True,
112602214,True,
100333474,True,
60115348,False,
60002765,False,
113194768,True,
60071612,False,
60009071,False,
126324286,True,
129566662,True,
60171510,False,
60121948,True,
101190730,True,
60003535,True,
60197901,True,
106537510,True,
60030782,False,
60108345,True,
119761126,True,
60112330,True,
60016527,True,
125868737,True,
130637251,False,
60024052,False,
60000356,False,
113832003,False,
60027627,False,
60105360,False,
60073346,True,
60122047,False,
116339733,False,
125022983,True,
60001361,False,
60104284,True,
113862783,True,
60043026,False,
60112738,False,
60106349,True,
60264690,True,
114059603,True,
115951737,True,
121407345,True,
60113358,False,
60013483,True,
60121950,True,
60112040,True,
112969888,True,
60068856,False,
118579997,True,
60017080,False,
60123653,True,
106640348,True,
60010144,False,
60018741,False,
60024978,False,
60028190,False,
60114774,True,
60271618,False,
60008689,True,
121482884,True,
127817864,True,
112674336,True,
60155336,False,
60116953,False,
60107113,True,
127196172,True,
60016897,False,
117950387,True,
60210096,True,
115282329,True,
120551365,True,
60020918,False,
129946860,True,
60118453,False,
60029022,True,
60022528,False,
60004803,False,
60020894,True,
125208165,True,
60020566,True,
60209336,True,
60004591,False,
112877188,True,
113621719,True,
60286025,False,
109965132,True,
60021988,False,
123502465,True,
60024737,False,
60122526,True,
60025080,False,
106942422,True,
60108343,True,
129118627,True,
125348202,True,
60025119,False,
60007776,False,
117637915,True,
60270122,False,
115541383,True,
60149312,False,
123212621,True,
127433907,True,
60210191,True,
101167340,True,
60209638,True,
121322316,True,
60029380,False,
115962460,True,
60015543,False,
60011828,False,
113877572,True,
60030434,False,
114275474,True,
60005269,False,
131384105,True,
101375651,True,
110049950,True,
60105986,True,
60157959,True,
60209691,True,
131781587,True,
113692442,False,
60115411,False,
60061248,False,
112234320,False,
60005816,False,
60196624,True,
115419360,True,
111295551,False,
60014025,True,
60104295,True,
125785634,True,
60004708,False,
120490840,True,
113184952,True,
60006288,False,
60010499,False,
60162124,False,
60004781,True,
100325547,True,
115753753,True,
129402080,True,
113462931,True,
60004613,True,
60073911,False,
60271969,False,
60009914,False,
100416710,True,
123413271,True,
60271111,False,
60106282,True,
60086464,False,
60127868,False,
60006337,False,
60279590,False,
130939812,True,
126261804,True,
60196702,True,
129052312,False,
60138282,True,
60081471,False,
127037339,True,
60010844,False,
60010580,False,
60326111,True,
60106226,True,
114081767,True,
117890452,True,
60104576,False,
60072883,False,
120093228,True,
60027152,False,
116390920,True,
60022554,False,
112065365,True,
60202649,True,
120527260,True,
60122778,True,
60110942,False,
60123821,True,
60111273,True,
112622389,True,
110149858,True,
121767237,True,
60068573,True,
114467143,True,
60015627,False,
60015024,False,
121522390,True,
124057963,True,
60121688,False,
60028132,False,
132007023,True,
132007484,True,
60027314,False,
60002250,False,
60006876,False,
129997650,True,
60002445,False,
60106244,True,
125149017,True,
60122535,True,
107106767,False,
60138743,True,
60023517,False,
60072573,False,
60105515,True,
60108152,True,
60019816,False,
60107044,True,
124236177,True,
60134862,True,
60019354,False,
116083968,False,
60010137,False,
60029258,False,
60146324,False,
60014516,False,
125764237,True,
60264790,True,
60041243,False,
60129289,False,
112964344,True,
60105817,False,
60036479,False,
60123643,True,
122005861,True,
123644045,True,
60084320,True,
113521283,False,
60007438,False,
118550830,True,
60009559,False,
60110740,True,
60123084,True,
116271742,True,
60022403,False,
60078396,False,
60029625,False,
101934302,True,
60037241,False,
60002930,True,
129543347,True,
107988113,False,
100399312,True,
60021765,False,
117642776,True,
60022032,True,
130165614,False,
100342473,True,
60105958,True,
60342782,True,
60029052,False,
60033154,False,
60006696,True,
122733318,True,
60108203,True,
101648127,True,
60073293,True,
60008783,False,
119027177,True,
119002685,True,
60089706,False,
114268253,True,
60017483,False,
100357460,False,
122431527,True,
113229628,True,
106560741,True,
60003892,False,
60105736,True,
60028265,False,
60187506,True,
60102592,True,
126817900,True,
117887172,True,
60023477,False,
60017698,False,
60077581,False,
60206640,True,
60068541,True,
60006885,True,
60108282,True,
60004280,False,
60119353,False,
60023927,False,
60010421,False,
114347805,True,
60072009,False,
106747121,True,
60024979,False,
60007111,False,
60030270,False,
60031913,False,
60073391,False,
60014097,False,
60221156,False,
60070482,True,
60107093,True,
60002526,False,
60103733,False,
60117396,False,
60001305,False,
60196726,False,
60003942,False,
60070315,False,
101376878,True,
106925496,True,
60105504,True,
116215640,False,
60273815,False,
124310622,False,
60159382,False,
60105421,False,
112863198,True,
60279717,True,
113018349,True,
127153302,True,
60073129,False,
60071238,False,
124701410,True,
102075856,False,
106196196,False,
129236056,True,
60025785,False,
129315023,True,
122184977,True,
60000689,False,
60024629,False,
60030931,False,
60110871,False,
60106181,True,
60106288,True,
60109227,True,
60010065,False,
100490023,True,
113843477,True,
112594016,True,
112804699,True,
130858325,True,
112615783,True,
60105753,True,
122573606,True,
60325640,True,
60358477,True,
112599722,True,
125509822,True,
100345728,True,
60151531,False,
123789016,True,
113826123,True,
122540204,False,
60071376,False,
113570090,True,
115010178,True,
118240424,True,
125131634,False,
60106228,True,
101992296,True,
133181566,True,
100773708,True,
60208605,True,
60003828,False,
60003044,False,
60008898,False,
60137461,False,
60076721,False,
117136232,False,
60108879,False,
105751507,True,
60010895,False,
60001904,False,
114912423,True,
60015011,False,
114407005,True,
60103628,False,
60032730,False,
126996500,True,
60072902,False,
60106340,True,
60106479,False,
60028333,False,
100472723,True,
60105876,False,
106633684,True,
132675572,True,
60078334,False,
60158572,False,
60105207,False,
60029498,False,
60281044,False,
116240596,True,
60104425,False,
115088830,False,
120444235,False,
60024445,False,
60020321,False,
60030441,False,
60011715,False,
60003526,False,
106679466,True,
60031195,False,
60209951,True,
121805737,True,
106761565,True,
60108259,True,
60032724,False,
116055605,True,
60007470,False,
60088737,False,
130434483,True,
60085943,False,
130745050,True,
128867473,True,
116502296,True,
60208836,True,
126323081,True,
60053459,False,
60030245,False,
126962552,True,
100787858,True,
107782926,True,
106454476,True,
114292958,True,
100502814,True,
60108209,True,
117255870,True,
127927369,True,
106453643,True,
107966845,True,
101502902,True,
101640061,True,
127682773,True,
131500336,True,
60046817,False,
60019619,False,
60015875,False,
119891573,True,
60106189,True,
60022639,False,
60069049,False,
60068822,False,
123505402,False,
101408181,True,
60103698,False,
100793193,True,
60070178,False,
60022134,False,
60008506,False,
60030365,False,
116206475,True,
60023955,False,
60120334,True,
60281291,False,
60032543,False,
60032489,False,
122671797,True,
60085460,False,
60013849,False,
125122136,True,
60011362,False,
123957996,True,
60070601,False,
114851963,False,
60005913,False,
60118800,False,
113728906,True,
131833873,True,
60068652,False,
60212765,False,
118882111,True,
60118296,True,
120609385,True,
119217335,True,
123264529,False,
60074308,False,
60001018,False,
60072150,True,
60119988,False,
60028238,True,
60123783,True,
60004283,False,
60085100,False,
119829187,False,
60283909,False,
60032873,False,
60274807,True,
60209640,True,
115973027,True,
60028419,False,
120609335,True,
60069624,False,
60020943,False,
60020595,False,
101012742,True,
115115648,True,
60014337,False,
60012486,False,
60040326,False,
122170825,True,
60022355,False,
113112927,True,
60112035,False,
116694637,True,
123939070,False,
131894970,False,
60273843,False,
60113710,False,
60279982,False,
112865895,True,
129426703,True,
105206487,True,
124449207,True,
60355330,False,
60072151,True,
60019000,False,
60010833,False,
60157980,True,
130688691,True,
60120043,True,
60018678,False,
60106054,True,
127682468,True,
60108514,True,
60204355,True,
60022755,False,
100323957,True,
100582663,True,
60087200,False,
101899041,True,
100368607,False,
113225077,True,
113178093,True,
60083539,False,
106950557,True,
60033320,False,
122214619,False,
60108143,True,
60107038,True,
60071847,False,
60055696,False,
60003310,False,
60028421,False,
60073340,True,
100790013,False,
60103856,False,
115297198,False,
119084701,True,
60013094,False,
60002634,False,
60102054,False,
60069255,False,
114125718,False,
121087073,False,
60001711,False,
60027468,False,
60105961,False,
60121755,False,
60028850,True,
60271535,False,
60014070,False,
127297492,True,
60106059,True,
129963303,True,
130017254,True,
123389849,False,
60091662,False,
60000264,False,
60009543,False,
60070469,True,
60108231,True,
60002173,False,
133662029,True,
133662484,False,
115888555,True,
60010337,False,
60210125,True,
121334672,True,
60014643,False,
60028378,False,
60036032,False,
60079654,False,
121231637,True,
131580207,True,
105599515,False,
60030521,False,
60008757,False,
118123668,True,
124287087,True,
124973993,True,
60024776,False,
60030826,True,
60022637,False,
60092441,False,
60032717,False,
131168730,True,
60342894,True,
60004955,False,
128519047,False,
112656202,True,
101871963,True,
100652398,True,
60123820,True,
128920107,True,
128919748,False,
60069390,False,
60001157,False,
60106903,True,
130037483,True,
60022097,False,
60032266,False,
60210145,True,
60105748,True,
112671820,True,
60073285,False,
113181437,True,
60274765,False,
114459248,True,
126212077,True,
60111308,False,
109611879,True,
60106144,True,
129224926,False,
122263412,True,
60138742,True,
114616991,True,
114464899,False,
60020958,False,
60158034,True,
60070744,False,
60110952,False,
60030136,False,
60119931,False,
60023143,False,
60243246,False,
114349335,True,
106099172,True,
117698849,True,
60106348,True,
125461059,False,
60015426,False,
60159407,False,
60006354,False,
60158045,True,
60111747,False,
60000221,False,
60157988,True,
123346478,True,
131167176,True,
60013278,False,
60005141,False,
119233516,False,
60072569,False,
128263174,True,
126149103,False,
113687692,True,
60085015,False,
60262994,False,
60012671,True,
115006416,True,
60007616,False,
60072362,False,
60020201,False,
120075248,True,
60106885,False,
100819228,True,
60016912,False,
60015943,False,
60115184,True,
60017838,False,
60031805,False,
125159761,False,
60026830,False,
60025441,False,
101004396,True,
123241277,True,
122200023,True,
60280130,True,
60106697,True,
105211848,False,
60013919,False,
60085748,False,
60009043,False,
60123630,True,
60007361,False,
60031875,False,
106600998,True,
118206672,True,
115051765,True,
60031419,False,
60022279,False,
125671461,True,
60030788,False,
124893437,True,
60210169,True,
116798476,True,
60069902,False,
60122384,True,
124341799,True,
116952649,True,
60068558,True,
118532260,True,
116189763,True,
102074820,True,
60029872,False,
60106333,True,
112273929,False,
122461073,True,
101019817,True,
60138457,True,
60104298,True,
60020464,False,
60026846,False,
60022029,True,
116887450,True,
116501382,True,
105314677,True,
60031328,False,
119729103,True,
60073518,False,
60122592,False,
60159958,False,
60180334,True,
60105111,False,
60114494,False,
116758163,True,
129120316,True,
100779364,True,
60011375,False,
101179186,True,
60007440,False,
131291122,True,
60274814,True,
60019269,True,
60108506,True,
130232762,True,
60016835,False,
60101968,False,
126814136,True,
125605343,True,
128439564,True,
60016025,False,
60084229,False,
112885273,True,
101461533,True,
60072176,False,
60106227,True,
106773685,True,
127913945,True,
60029786,False,
129814417,True,
127679524,True,
130554902,True,
118589448,True,
124752204,False,
113695035,True,
115966924,True,
113676855,True,
127408047,True,
60157958,True,
60095886,False,
113914591,True,
60210173,True,
108628627,True,
60105869,False,
106540177,False,
120662343,True,
60281450,False,
60006385,False,
60103153,False,
60022076,False,
60016653,False,
60088567,False,
60105768,True,
107064146,True,
60279861,True,
113183716,True,
120545032,True,
60274629,False,
60103922,False,
60008665,False,
60028661,False,
60074756,False,
60154289,False,
115892337,True,
126173210,False,True
118436126,True,
60111816,False,
126006260,True,
60138684,False,
60022532,True,
60070813,False,
113707995,True,
107910236,True,
60001319,False,
106453810,True,
60343106,False,
100571237,True,
60076695,False,
60106209,True,
60012629,False,
60108479,True,
113677391,True,
60005610,False,
60257808,False,
60276018,False,
126661042,False,
100370295,False,
60019069,True,
60209946,True,
123871493,False,
120081186,True,
128781179,True,
113178223,True,
113692247,True,
60084793,False,
100374724,True,
60030315,False,
60070651,False,
102079492,True,
60017396,False,
110243804,True,
60107091,True,
60038472,False,
112738982,False,
108359805,True,
60013088,False,
60337827,True,
60050098,False,
60078422,False,
112745140,True,
114686335,False,
113039644,False,
110101996,True,
60108337,False,
126244444,True,
133181714,False,
60023305,False,
122196237,False,
124379172,True,
60123701,True,
60017611,True,
125681819,False,
105239437,True,
130779446,False,
60000283,False,
128070105,True,
60108334,True,
126149066,True,
60005273,False,
60006164,False,
60111283,False,
60032844,False,
128437679,False,
126389615,True,
60105540,True,
108341453,True,
60012936,False,
119127292,True,
124095230,False,
110265543,True,
60105998,True,
119528632,True,
60078593,False,
60015780,False,
60024613,False,
60304954,True,
113547409,True,
60028548,False,
100541583,False,
60138734,True,
60023823,True,
120852348,True,
118452183,True,
60159726,True,
60031486,False,
118424183,True,
60024544,False,
60000174,False,
60026796,False,
60020590,False,
121869223,True,
60077579,False,
60135979,True,
101871641,False,
60026263,False,
60106820,True,
60073559,False,
60073662,False,
60007269,False,
60003579,False,
60122731,True,
60004346,False,
110986524,True,
60119781,False,
60072319,False,
60017536,False,
60096035,False,
60112074,True,
60275751,False,
60106058,True,
60112222,False,
100362526,True,
119128370,True,
60023471,False,
115961576,True,
60083550,False,
60006225,False,
60007905,False,
115228727,True,
117368119,True,
118664501,False,
60210115,True,
112995119,False,
60004828,False,
60278571,False,
113133425,True,
114881103,True,
120242142,True,
60069901,False,
60275837,False,
60018362,False,
60008831,False,
60073737,False,
60001338,False,
106704820,True,
60108235,True,
60073726,False,
118591207,True,
118642107,True,
60106338,True,
60072850,False,
112836717,True,
60177637,False,
60072907,False,
60271570,True,
60013156,False,
60077404,False,
60209690,True,
122165168,True,
101018916,True,
60116243,True,
121850521,False,
111085770,True,
60122702,True,
100595213,False,
131334115,True,
60072145,True,
60209686,True,
60357121,True,
126442128,True,
110536342,True,
60018150,False,
122092899,True,
112890236,True,
119024847,True,
122229166,True,
60004630,False,
60281312,False,
128123990,False,
125281992,True,
60118457,False,
107977930,True,
130158620,True,
112361302,False,
60073390,False,
130017105,True,
128571483,True,
60122744,True,
60236992,False,
60105653,True,
60106308,True,
60274819,True,
60106088,True,
60107033,True,
114889136,True,
112397364,True,
60031226,False,
60181354,False,
60086940,False,
60015098,False,
60006552,False,
60106989,True,
60083181,False,
60107059,True,
60208603,True,
60024350,False,
60031965,False,
113756372,True,
126368905,True,
118322354,False,
60013551,False,
100457533,True,
129578150,False,
60004782,False,
60076774,False,
60022089,False,
128785552,True,
60196611,True,
60015913,False,
60003146,False,
60020739,False,
125669818,True,
60032666,True,
60070611,False,
60059937,False,
126105648,True,
122400585,False,
126738514,True,
124969771,True,
60027730,False,
60031403,False,
126537116,False,
119312240,True,
60010495,False,
113677255,True,
129086434,False,
101509316,False,
60027310,True,
60117098,True,
60017166,False,
60197145,False,
118578836,True,
114934346,True,
60025957,False,
60028752,False,
60069976,False,
100787810,False,
60149853,False,
60013499,False,
60088786,False,
60004321,False,
110080322,True,
114886789,True,
60007029,False,
109030558,True,
131458487,True,
60027170,False,
60071372,False,
60010188,False,
60070316,False,
127018272,True,
109461265,True,
127073193,True,
60069616,False,
60112028,True,
60276044,False,
60210140,True,
60004737,False,
60356894,True,
60106066,True,
60208593,True,
60292901,False,
113591309,True,
113880699,True,
115878939,False,
115614507,True,
60349150,False,
60080064,False,
60003554,False,
60108157,True,
60070111,False,
128059521,True,
120005125,False,
60106139,True,
60019967,False,
60006191,False,
60277075,False,
60090676,False,
120327046,True,
60001282,False,
113946397,True,
60001753,True,
119787020,True,
120161019,True,
60001298,False,
60108277,True,
115060376,True,
60018229,False,
128571901,True,
133846729,True,
116423085,True,
60029526,False,
60040957,False,
60009906,False,
129491763,False,
60004789,False,
123274046,False,
122466418,False,
60005120,False,
60178596,False,
120075205,True,
126156954,False,
109556535,True,
60006739,False,
104870937,True,
112982011,True,
60007567,False,
130316160,True,
113229876,True,
118273090,True,
60108273,True,
109713310,True,
60206666,True,
60091175,False,
116497105,True,
117868913,True,
113191395,True,
60011739,False,
128395903,True,
60008547,False,
115015227,True,
131149501,True,
60103885,False,
60075346,False,
125196715,True,
125197148,True,
132603812,False,
60004407,False,
60103932,False,
115296872,True,
60014383,False,
60209216,True,
117546520,True,
60122715,True,
60018048,False,
60025697,False,
60118524,False,
60078563,False,
60109552,False,
60114718,False,
60011270,True,
122671849,False,
60071082,False,
100458178,True,
60011476,False,
60089948,False,
124479371,True,
60025770,False,
60270045,True,
60112456,True,
60014500,False,
60103051,False,
60150063,False,
114805325,True,
60022778,False,
60008561,False,
60031790,True,
130716134,True,
130716300,True,
60128606,False,
127846757,True,
124343401,True,
60029072,True,
60106993,True,
116538277,True,
124469973,False,
60196612,True,
116434682,True,
130891884,True,
60000661,False,
114886459,True,
112663571,True,
60031762,True,
128964834,True,
117055748,True,
60009968,False,
106615990,True,
100429530,True,
124065287,True,
60157995,True,
129663586,True,
60281361,False,
60116727,False,
124453210,True,
114434303,True,
109431284,False,
121658679,True,
100476871,False,
122187419,True,
116244420,True,
60108251,True,
60012805,True,
60106280,True,
121438095,True,
121855952,False,
60025685,False,
100828197,True,
60206659,True,
60203655,False,
114357622,True,
60209002,True,
124746877,True,
60014991,False,
116422710,True,
60051577,False,
100777354,True,
131778890,True,
60010814,False,
114765757,False,
127692564,True,
120805390,True,
60117751,False,
60016930,False,
116304676,False,
60130479,False,
60030616,False,
60108178,True,
60106699,True,
125954178,True,
123053278,True,
60000161,False,
60028020,False,
106298750,True,
60014264,False,
121994953,False,
114278452,True,
60001375,False,
125493150,True,
119211951,True,
60102060,False,
60106362,False,
112465688,True,
110183343,True,
100323271,False,
60009415,False,
126727336,True,
60003353,False,
112429206,True,
110168120,True,
60103936,False,
60279554,False,
123291852,True,
60118635,False,
114482416,True,
119677558,True,
60012233,False,
60026548,False,
60108185,True,
126885607,False,
101410593,False,
60106231,True,
100679881,True,
118449343,True,
120418825,True,
114086315,True,
123874094,True,
60107060,True,
105197466,True,
60024069,False,
120735952,False,
124101361,True,
60017323,False,
130554220,False,
60068410,False,
60064025,False,
60210116,True,
122686150,True,
